code,suffix,name,sector,subsector
060310,KQ,3S,"측정, 시험, 항해, 제어 및 기타 정밀기기 제조업; 광학기기 제외",
095570,KS,AJ네트웍스,산업용 기계 및 장비 임대업,
006840,KS,AK홀딩스,기타 금융업,
054620,KQ,APS,기타 금융업,
079810,KQ,APS이노베이션,기타 전기장비 제조업,
265520,KQ,AP시스템,특수 목적용 기계 제조업,
211270,KQ,AP위성,통신 및 방송 장비 제조업,
027410,KS,BGF,기타 금융업,
282330,KS,BGF리테일,종합 소매업,
126600,KQ,BGF에코머티리얼즈,합성고무 및 플라스틱 물질 제조업,
138930,KS,BNK금융지주,기타 금융업,
001460,KS,BYC,봉제의복 제조업,
001465,KS,BYC우,,
083790,KQ,CG인바이츠,자연과학 및 공학 연구개발업,
001040,KS,CJ,기타 금융업,
079160,KS,CJ CGV,"영화, 비디오물, 방송프로그램 제작 및 배급업",
035760,KQ,CJ ENM,텔레비전 방송업,
311690,KQ,CJ 바이오사이언스,자연과학 및 공학 연구개발업,
000120,KS,CJ대한통운,도로 화물 운송업,
011150,KS,CJ씨푸드,기타 식품 제조업,
011155,KS,CJ씨푸드1우,,
001045,KS,CJ우,,
097950,KS,CJ제일제당,기타 식품 제조업,
097955,KS,CJ제일제당 우,,
051500,KQ,CJ프레시웨이,음·식료품 및 담배 도매업,
058820,KQ,CMG제약,의약품 제조업,
056730,KQ,CNT85,건물 건설업,
000480,KS,CR홀딩스,"내화, 비내화 요업제품 제조업",
065770,KQ,CS,통신 및 방송 장비 제조업,
083660,KQ,CSA 코스믹,기타 화학제품 제조업,
000590,KS,CS홀딩스,기타 금융업,
012030,KS,DB,"컴퓨터 프로그래밍, 시스템 통합 및 관리업",
477760,KQ,DB금융스팩12호,기타 금융업,
005830,KS,DB손해보험,보험업,
016610,KS,DB증권,금융 지원 서비스업,
000990,KS,DB하이텍,반도체 제조업,
290120,KQ,DH오토리드,자동차 신품 부품 제조업,
025440,KQ,DH오토웨어,영상 및 음향기기 제조업,
001530,KS,DI동일,상품 중개업,
015590,KS,DKME,일반 목적용 기계 제조업,
000210,KS,DL,기초 화학물질 제조업,
000215,KS,DL우,,
375500,KS,DL이앤씨,토목 건설업,
068790,KQ,DMS,특수 목적용 기계 제조업,
007340,KS,DN오토모티브,일차전지 및 이차전지 제조업,
004840,KS,DRB동일,고무제품 제조업,
241520,KQ,DSC인베스트먼트,신탁업 및 집합투자업,
155660,KS,DSR,1차 비철금속 제조업,
069730,KS,DSR제강,1차 철강 제조업,
017860,KS,DS단석,기타 화학제품 제조업,
180400,KQ,DXVX,기타 과학기술 서비스업,
092780,KS,DYP,자동차용 엔진 및 자동차 제조업,
017940,KS,E1,기타 전문 도매업,
418620,KQ,E8,소프트웨어 개발 및 공급업,
037370,KQ,EG,기초 화학물질 제조업,
365550,KS,ESR켄달스퀘어리츠,부동산 임대 및 공급업,
050120,KQ,ES큐브,생활용품 도매업,
383220,KS,F&F,봉제의복 제조업,
007700,KS,F&F홀딩스,기타 금융업,
214270,KQ,FSN,소프트웨어 개발 및 공급업,
032620,KQ,GC메디아이,소프트웨어 개발 및 공급업,
130500,KQ,GH신소재,기타 섬유제품 제조업,
114090,KS,GKL,유원지 및 기타 오락관련 서비스업,
900290,KQ,GRT,기타 금융업,
078930,KS,GS,기타 금융업,
083450,KQ,GST,특수 목적용 기계 제조업,
006360,KS,GS건설,건물 건설업,
001250,KS,GS글로벌,상품 종합 도매업,
007070,KS,GS리테일,종합 소매업,
078935,KS,GS우,,
499790,KS,GS피앤엘,기타 금융업,
297890,KQ,HB솔루션,특수 목적용 기계 제조업,
440290,KQ,HB인베스트먼트,기타 금융업,
078150,KQ,HB테크놀러지,특수 목적용 기계 제조업,
225530,KQ,HC보광산업,기타 비금속 광물제품 제조업,
060560,KQ,HC홈센타,기타 전문 도매업,
012630,KS,HDC,기타 금융업,
039570,KS,HDC랩스,전기 및 통신 공사업,
089470,KS,HDC현대EP,기타 화학제품 제조업,
267270,KS,HD건설기계,특수 목적용 기계 제조업,
009540,KS,HD한국조선해양,기타 금융업,
267250,KS,HD현대,기타 금융업,
443060,KS,HD현대마린솔루션,"건축기술, 엔지니어링 및 관련 기술 서비스업",
071970,KS,HD현대마린엔진,일반 목적용 기계 제조업,
322000,KS,HD현대에너지솔루션,반도체 제조업,
267260,KS,HD현대일렉트릭,"전동기, 발전기 및 전기 변환 · 공급 · 제어 장치 제조업",
329180,KS,HD현대중공업,선박 및 보트 건조업,
376270,KQ,HEM파마,자연과학 및 공학 연구개발업,
097230,KS,HJ중공업,토목 건설업,
195940,KQ,HK이노엔,의약품 제조업,
014790,KS,HL D&I,토목 건설업,
028300,KQ,HLB,의료용품 및 기타 의약 관련제품 제조업,
003580,KS,HLB글로벌,종합 소매업,
278650,KQ,HLB바이오스텝,자연과학 및 공학 연구개발업,
067630,KQ,HLB생명과학,의료용품 및 기타 의약 관련제품 제조업,
024850,KQ,HLB이노베이션,전자부품 제조업,
187420,KQ,HLB제넥스,기초 의약물질 제조업,
047920,KQ,HLB제약,자연과학 및 공학 연구개발업,
115450,KQ,HLB테라퓨틱스,기타 전문 도매업,
046210,KQ,HLB파나진,의료용품 및 기타 의약 관련제품 제조업,
196300,KQ,HLB펩,기초 의약물질 제조업,
204320,KS,HL만도,자동차 신품 부품 제조업,
060980,KS,HL홀딩스,기타 금융업,
011200,KS,HMM,해상 운송업,
403870,KQ,HPSP,특수 목적용 기계 제조업,
036640,KQ,HRS,합성고무 및 플라스틱 물질 제조업,
035000,KS,HS애드,광고업,
002460,KS,HS화성,건물 건설업,
487570,KS,HS효성,기타 금융업,
298050,KS,HS효성첨단소재,화학섬유 제조업,
467930,KQ,IBKS제23호스팩,금융 지원 서비스업,
469480,KQ,IBKS제24호스팩,금융 지원 서비스업,
015360,KS,INVENI,회사 본부 및 경영 컨설팅 서비스업,
294870,KS,IPARK현대산업개발,건물 건설업,
095340,KQ,ISC,기계장비 및 관련 물품 도매업,
175330,KS,JB금융지주,기타 금융업,
950170,KQ,JTC,종합 소매업,
234080,KS,JW생명과학,의약품 제조업,
067290,KQ,JW신약,의약품 제조업,
001060,KS,JW중외제약,의약품 제조업,
001067,KS,JW중외제약2우B,,
096760,KS,JW홀딩스,기타 금융업,
035900,KQ,JYP Ent.,오디오물 출판 및 원판 녹음업,
318000,KQ,KBG,합성고무 및 플라스틱 물질 제조업,
008970,KS,KBI동양철관,1차 철강 제조업,
024840,KQ,KBI메탈,1차 비철금속 제조업,
105560,KS,KB금융,기타 금융업,
432320,KS,KB스타리츠,부동산 임대 및 공급업,
024120,KQ,KB오토시스,자동차 신품 부품 제조업,
478390,KQ,KB제29호스팩,금융 지원 서비스업,
486630,KQ,KB제30호스팩,금융 지원 서비스업,
492220,KQ,KB제31호스팩,금융 지원 서비스업,
002380,KS,KCC,기타 화학제품 제조업,
021320,KQ,KCC건설,건물 건설업,
344820,KS,KCC글라스,유리 및 유리제품 제조업,
009070,KS,KCTC,도로 화물 운송업,
009440,KS,KC그린홀딩스,기타 금융업,
119650,KS,KC코트렐,일반 목적용 기계 제조업,
044180,KQ,KD,건물 건설업,
092220,KS,KEC,반도체 제조업,
003620,KS,KG모빌리티,자동차용 엔진 및 자동차 제조업,
016380,KS,KG스틸,1차 철강 제조업,
151860,KQ,KG에코솔루션,자동차 차체나 트레일러 제조업,
035600,KQ,KG이니시스,소프트웨어 개발 및 공급업,
001390,KS,KG케미칼,기초 화학물질 제조업,
046440,KQ,KG파이낸셜,소프트웨어 개발 및 공급업,
060720,KQ,KH바텍,전자부품 제조업,
001940,KS,KISCO홀딩스,1차 철강 제조업,
058400,KQ,KNN,텔레비전 방송업,
025000,KS,KPX케미칼,기초 화학물질 제조업,
092230,KS,KPX홀딩스,기초 화학물질 제조업,
000040,KS,KR모터스,그외 기타 운송장비 제조업,
044450,KS,KSS해운,해상 운송업,
101000,KQ,KS인더스트리,특수 목적용 기계 제조업,
030200,KS,KT,전기 통신업,
033780,KS,KT&G,담배 제조업,
058850,KS,KTcs,기타 정보 서비스업,
058860,KS,KTis,기타 정보 서비스업,
089600,KQ,KT나스미디어,광고업,
418470,KQ,KT밀리의서재,"서적, 잡지 및 기타 인쇄물 출판업",
043610,KQ,KT지니뮤직,영상·오디오물 제공 서비스업,
122450,KQ,KX,텔레비전 방송업,
052900,KQ,KX하이텍,플라스틱제품 제조업,
036560,KQ,KZ정밀,일반 목적용 기계 제조업,
061970,KQ,LB세미콘,반도체 제조업,
309960,KQ,LB인베스트먼트,기타 금융업,
093050,KS,LF,봉제의복 제조업,
003550,KS,LG,기타 금융업,
034220,KS,LG디스플레이,전자부품 제조업,
051900,KS,LG생활건강,기타 화학제품 제조업,
051905,KS,LG생활건강우,,
064400,KS,LG씨엔에스,"컴퓨터 프로그래밍, 시스템 통합 및 관리업",
373220,KS,LG에너지솔루션,일차전지 및 이차전지 제조업,
003555,KS,LG우,,
032640,KS,LG유플러스,전기 통신업,
011070,KS,LG이노텍,전자부품 제조업,
066570,KS,LG전자,통신 및 방송 장비 제조업,
066575,KS,LG전자우,,
037560,KS,LG헬로비전,텔레비전 방송업,
051910,KS,LG화학,기초 화학물질 제조업,
051915,KS,LG화학우,,
079550,KS,LIG디펜스앤에어로스페이스,무기 및 총포탄 제조업,
073490,KQ,LIG아큐버,통신 및 방송 장비 제조업,
225190,KQ,LK삼양,사진장비 및 광학기기 제조업,
006260,KS,LS,기타 금융업,
010120,KS,LS ELECTRIC,"전동기, 발전기 및 전기 변환 · 공급 · 제어 장치 제조업",
091970,KQ,LSK아이로봇,플라스틱제품 제조업,
000680,KS,LS네트웍스,상품 종합 도매업,
060370,KQ,LS마린솔루션,전기 및 통신 공사업,
417200,KQ,LS머트리얼즈,전자부품 제조업,
229640,KS,LS에코에너지,기타 금융업,
078020,KQ,LS증권,금융 지원 서비스업,
322180,KQ,LS티라유텍,소프트웨어 개발 및 공급업,
108320,KS,LX세미콘,반도체 제조업,
001120,KS,LX인터내셔널,상품 중개업,
108670,KS,LX하우시스,플라스틱제품 제조업,
108675,KS,LX하우시스우,,
383800,KS,LX홀딩스,기타 금융업,
476080,KQ,M83,"영화, 비디오물, 방송프로그램 제작 및 배급업",
086960,KQ,MDS테크,소프트웨어 개발 및 공급업,
023150,KS,MH에탄올,알코올음료 제조업,
035420,KS,NAVER,"자료처리, 호스팅, 포털 및 기타 인터넷 정보매개 서비스업",
036570,KS,NC,소프트웨어 개발 및 공급업,
160550,KQ,NEW,"영화, 비디오물, 방송프로그램 제작 및 배급업",
053290,KQ,NE능률,"서적, 잡지 및 기타 인쇄물 출판업",
181710,KS,NHN,소프트웨어 개발 및 공급업,
060250,KQ,NHN KCP,금융 지원 서비스업,
104200,KQ,NHN벅스,기타 정보 서비스업,
054050,KQ,NH농우바이오,작물 재배업,
400760,KS,NH올원리츠,부동산 임대 및 공급업,
005940,KS,NH투자증권,금융 지원 서비스업,
005945,KS,NH투자증권우,,
338100,KS,NH프라임리츠,부동산 임대 및 공급업,
034310,KS,NICE,회사 본부 및 경영 컨설팅 서비스업,
063570,KQ,NICE인프라,기타 사업지원 서비스업,
030190,KS,NICE평가정보,기타 정보 서비스업,
008260,KS,NI스틸,1차 철강 제조업,
004250,KS,NPC,플라스틱제품 제조업,
004255,KS,NPC우,,
456040,KS,OCI,기초 화학물질 제조업,
010060,KS,OCI홀딩스,기타 금융업,
178920,KS,PI첨단소재,플라스틱제품 제조업,
001340,KS,PKC,기초 화학물질 제조업,
024940,KQ,PN풍년,생활용품 도매업,
005490,KS,POSCO홀딩스,1차 철강 제조업,
332570,KQ,PS일렉트로닉스,전자부품 제조업,
218410,KQ,RFHIC,통신 및 방송 장비 제조업,
327260,KQ,RF머트리얼즈,전자부품 제조업,
474610,KQ,RF시스템즈,기타 금속 가공제품 제조업,
091340,KQ,S&K폴리텍,전자부품 제조업,
010950,KS,S-Oil,석유 정제품 제조업,
010955,KS,S-Oil우,,
419530,KQ,SAMG엔터,"영화, 비디오물, 방송프로그램 제작 및 배급업",
019550,KQ,SBI인베스트먼트,신탁업 및 집합투자업,
034120,KS,SBS,텔레비전 방송업,
003080,KS,SB성보,"비료, 농약 및 살균, 살충제 제조업",
246960,KQ,SCL사이언스,의료용품 및 기타 의약 관련제품 제조업,
099220,KQ,SDN,기계장비 및 관련 물품 도매업,
056190,KQ,SFA,특수 목적용 기계 제조업,
222080,KQ,SFA넥셀,특수 목적용 기계 제조업,
036540,KQ,SFA반도체,반도체 제조업,
255220,KQ,SG,기타 비금속 광물제품 제조업,
040610,KQ,SG&G,자동차 신품 부품 제조업,
184230,KQ,SGA솔루션즈,소프트웨어 개발 및 공급업,
016250,KQ,SGC E&C,건물 건설업,
005090,KS,SGC에너지,전기업,
001380,KS,SG글로벌,자동차 신품 부품 제조업,
004060,KS,SG세계물산,상품 종합 도매업,
001770,KS,SHD,1차 철강 제조업,
002360,KS,SH에너지화학,기초 화학물질 제조업,
009160,KS,SIMPAC,1차 철강 제조업,
033530,KS,SJG세종,자동차 신품 부품 제조업,
123700,KS,SJM,자동차 신품 부품 제조업,
025530,KS,SJM홀딩스,자동차 부품 및 내장품 판매업,
034730,KS,SK,기타 금융업,
357880,KQ,SKAI,소프트웨어 개발 및 공급업,
011790,KS,SKC,기타 화학제품 제조업,
018670,KS,SK가스,기타 전문 도매업,
001740,KS,SK네트웍스,기타 전문 도매업,
006120,KS,SK디스커버리,기타 금융업,
006125,KS,SK디스커버리우,,
210980,KS,SK디앤디,부동산 임대 및 공급업,
395400,KS,SK리츠,부동산 임대 및 공급업,
302440,KS,SK바이오사이언스,기초 의약물질 제조업,
326030,KS,SK바이오팜,자연과학 및 공학 연구개발업,
402340,KS,SK스퀘어,기타 금융업,
361610,KS,SK아이이테크놀로지,일차전지 및 이차전지 제조업,
100090,KS,SK오션플랜트,1차 철강 제조업,
096770,KS,SK이노베이션,석유 정제품 제조업,
096775,KS,SK이노베이션우,,
475150,KS,SK이터닉스,건물 건설업,
001510,KS,SK증권,금융 지원 서비스업,
285130,KS,SK케미칼,합성고무 및 플라스틱 물질 제조업,
017670,KS,SK텔레콤,전기 통신업,
000660,KS,SK하이닉스,반도체 제조업,
048550,KQ,SM C&C,광고업,
063440,KQ,SM Life Design,기록매체 복제업,
003570,KS,SNT다이내믹스,자동차 신품 부품 제조업,
064960,KS,SNT모티브,자동차 신품 부품 제조업,
100840,KS,SNT에너지,일반 목적용 기계 제조업,
036530,KS,SNT홀딩스,기타 금융업,
067160,KQ,SOOP,소프트웨어 개발 및 공급업,
000390,KS,SP삼화,기타 화학제품 제조업,
011810,KS,STX,상품 종합 도매업,
465770,KS,STX그린로지스,해상 운송업,
077970,KS,STX엔진,일반 목적용 기계 제조업,
002820,KS,SUN&L,플라스틱제품 제조업,
289080,KQ,SV인베스트먼트,기타 금융업,
002170,KS,SYTS,"가죽, 가방 및 유사제품 제조업",
041930,KQ,SY동아,고무제품 제조업,
084870,KS,TBH글로벌,봉제의복 제조업,
002710,KS,TCC스틸,1차 철강 제조업,
089230,KQ,THE E&M,기타 정보 서비스업,
032540,KQ,TJ미디어,영상 및 음향기기 제조업,
069260,KS,TKG휴켐스,기타 화학제품 제조업,
007980,KS,TP,봉제의복 제조업,
048770,KQ,TPC로보틱스,일반 목적용 기계 제조업,
246690,KQ,TS인베스트먼트,신탁업 및 집합투자업,
317240,KQ,TS트릴리온,기타 화학제품 제조업,
002900,KS,TYM,특수 목적용 기계 제조업,
024070,KS,WISCOM,플라스틱제품 제조업,
057030,KQ,YBM넷,교육지원 서비스업,
037270,KS,YG PLUS,"자료처리, 호스팅, 포털 및 기타 인터넷 정보매개 서비스업",
040300,KQ,YTN,"영화, 비디오물, 방송프로그램 제작 및 배급업",
051390,KQ,YW,상품 종합 도매업,
052220,KQ,iMBC,영상·오디오물 제공 서비스업,
139130,KS,iM금융지주,기타 금융업,
079940,KQ,가비아,소프트웨어 개발 및 공급업,
078890,KQ,가온그룹,통신 및 방송 장비 제조업,
000500,KS,가온전선,절연선 및 케이블 제조업,
399720,KQ,가온칩스,반도체 제조업,
036620,KQ,감성코퍼레이션,기타 전문 도매업,
000860,KS,강남제비스코,기타 화학제품 제조업,
198440,KQ,강동씨앤엘,"시멘트, 석회, 플라스터 및 그 제품 제조업",
217730,KQ,강스템바이오텍,기초 의약물질 제조업,
035250,KS,강원랜드,유원지 및 기타 오락관련 서비스업,
114190,KQ,강원에너지,기타 전기장비 제조업,
094480,KQ,갤럭시아머니트리,소프트웨어 개발 및 공급업,
011420,KS,갤럭시아에스엠,스포츠 서비스업,
039240,KQ,경남스틸,1차 철강 제조업,
053950,KQ,경남제약,의약품 제조업,
002100,KS,경농,"비료, 농약 및 살균, 살충제 제조업",
009450,KS,경동나비엔,가정용 기기 제조업,
267290,KS,경동도시가스,연료용 가스 제조 및 배관공급업,
012320,KS,경동인베스트,기타 금융업,
011040,KQ,경동제약,의약품 제조업,
000050,KS,경방,종합 소매업,
214390,KS,경보제약,기초 의약물질 제조업,
012610,KS,경인양행,기초 화학물질 제조업,
009140,KS,경인전자,전자부품 제조업,
024910,KQ,경창산업,자동차 신품 부품 제조업,
013580,KS,계룡건설,토목 건설업,
012200,KS,계양전기,일반 목적용 기계 제조업,
012205,KS,계양전기우,,
002140,KS,고려산업,"곡물가공품, 전분 및 전분제품 제조업",
049720,KQ,고려신용정보,기타 사업지원 서비스업,
010130,KS,고려아연,1차 비철금속 제조업,
002240,KS,고려제강,1차 철강 제조업,
014570,KQ,고려제약,의약품 제조업,
348150,KQ,고바이오랩,자연과학 및 공학 연구개발업,
950190,KQ,고스트스튜디오,소프트웨어 개발 및 공급업,
098460,KQ,고영,특수 목적용 기계 제조업,
035290,KQ,골드앤에스,"서적, 잡지 및 기타 인쇄물 출판업",
215000,KQ,골프존,소프트웨어 개발 및 공급업,
121440,KQ,골프존홀딩스,상품 중개업,
009290,KS,광동제약,의약품 제조업,
017040,KS,광명전기,"전동기, 발전기 및 전기 변환 · 공급 · 제어 장치 제조업",
029480,KQ,광무,통신 및 방송 장비 제조업,
017900,KS,광전자,반도체 제조업,
037710,KS,광주신세계,종합 소매업,
026910,KQ,광진실업,1차 철강 제조업,
465320,KQ,교보15호스팩,금융 지원 서비스업,
482520,KQ,교보16호스팩,금융 지원 서비스업,
489210,KQ,교보17호스팩,금융 지원 서비스업,
030610,KS,교보증권,금융 지원 서비스업,
339770,KS,교촌에프앤비,음·식료품 및 담배 도매업,
053270,KQ,구영테크,자동차 신품 부품 제조업,
007690,KS,국도화학,기초 화학물질 제조업,
066620,KQ,국보디자인,실내건축 및 건축마무리 공사업,
043650,KQ,국순당,알코올음료 제조업,
006050,KQ,국영지앤엠,유리 및 유리제품 제조업,
060480,KQ,국일신동,1차 비철금속 제조업,
078130,KQ,국일제지,기타 종이 및 판지 제품 제조업,
307750,KQ,국전,의약품 제조업,
002720,KS,국제약품,의약품 제조업,
035080,KQ,그래디언트,무점포 소매업,
318060,KQ,그래피,합성고무 및 플라스틱 물질 제조업,
453450,KQ,그리드위즈,"그외 기타 전문, 과학 및 기술 서비스업",
204020,KQ,그리티,봉제의복 제조업,
402490,KQ,그린리소스,반도체 제조업,
114450,KQ,그린생명과학,기초 의약물질 제조업,
083420,KS,그린케미칼,기타 화학제품 제조업,
186230,KQ,그린플러스,1차 비철금속 제조업,
014530,KS,극동유화,석유 정제품 제조업,
900070,KQ,글로벌에스엠,기타 금융업,
204620,KQ,글로벌텍스프리,금융 지원 서비스업,
019660,KQ,글로본,상품 종합 도매업,
014280,KS,금강공업,1차 철강 제조업,
053260,KQ,금강철강,1차 철강 제조업,
008870,KS,금비,유리 및 유리제품 제조업,
001570,KS,금양,기초 화학물질 제조업,
282720,KQ,금양그린파워,전기 및 통신 공사업,
002990,KS,금호건설,건물 건설업,
002995,KS,금호건설우,,
011780,KS,금호석유화학,기초 화학물질 제조업,
011785,KS,금호석유화학우,,
214330,KS,금호에이치티,자동차 신품 부품 제조업,
001210,KS,금호전기,전구 및 조명장치 제조업,
073240,KS,금호타이어,고무제품 제조업,
036190,KQ,금화피에스시,전기 및 통신 공사업,
049080,KQ,기가레인,전자부품 제조업,
420770,KQ,기가비스,특수 목적용 기계 제조업,
035460,KQ,기산텔레콤,통신 및 방송 장비 제조업,
092440,KS,기신정기,특수 목적용 기계 제조업,
000270,KS,기아,자동차용 엔진 및 자동차 제조업,
024110,KS,기업은행,은행 및 저축기관,
013700,KS,까뮤이앤씨,건물 건설업,
004540,KS,깨끗한나라,"펄프, 종이 및 판지 제조업",
407400,KQ,꿈비,가구 제조업,
187790,KQ,나노,기초 화학물질 제조업,
121600,KQ,나노신소재,기타 화학제품 제조업,
286750,KQ,나노실리칸첨단소재,기초 화학물질 제조업,
247660,KQ,나노씨엠에스,전자부품 제조업,
039860,KQ,나노엔텍,의료용 기기 제조업,
417010,KQ,나노팀,일반 목적용 기계 제조업,
405920,KQ,나라셀라,음·식료품 및 담배 도매업,
478340,KQ,나라스페이스테크놀로지,"항공기,우주선 및 부품 제조업",
051490,KQ,나라엠앤디,특수 목적용 기계 제조업,
137080,KQ,나래나노텍,특수 목적용 기계 제조업,
190510,KQ,나무가,전자부품 제조업,
242040,KQ,나무기술,소프트웨어 개발 및 공급업,
293580,KQ,나우IB,기타 금융업,
459510,KQ,나우로보틱스,특수 목적용 기계 제조업,
138610,KQ,나이벡,의료용품 및 기타 의약 관련제품 제조업,
130580,KQ,나이스디앤비,기타 사업지원 서비스업,
036800,KQ,나이스정보통신,전기 통신업,
366030,KQ,나인앤컴퍼니,의복 액세서리 제조업,
267320,KQ,나인테크,특수 목적용 기계 제조업,
001260,KS,남광토건,토목 건설업,
008350,KS,남선알미늄,1차 비철금속 제조업,
008355,KS,남선알미우,,
004270,KS,남성,기타 전문 도매업,
003920,KS,남양유업,동·식물성 유지 및 낙농제품 제조업,
003925,KS,남양유업우,,
025860,KS,남해화학,"비료, 농약 및 살균, 살충제 제조업",
111710,KQ,남화산업,스포츠 서비스업,
091590,KQ,남화토건,건물 건설업,
168330,KQ,내츄럴엔도텍,자연과학 및 공학 연구개발업,
094860,KQ,네오리진,소프트웨어 개발 및 공급업,
253590,KQ,네오셈,특수 목적용 기계 제조업,
212560,KQ,네오오토,자동차 신품 부품 제조업,
095660,KQ,네오위즈,소프트웨어 개발 및 공급업,
042420,KQ,네오위즈홀딩스,소프트웨어 개발 및 공급업,
950220,KQ,네오이뮨텍,자연과학 및 공학 연구개발업,
311390,KQ,네오크레마,기타 식품 제조업,
085910,KQ,네오티스,자동차 신품 부품 제조업,
092730,KQ,네오팜,기타 화학제품 제조업,
153460,KQ,네이블,소프트웨어 개발 및 공급업,
007390,KQ,네이처셀,기초 의약물질 제조업,
033640,KQ,네패스,반도체 제조업,
330860,KQ,네패스아크,"그외 기타 전문, 과학 및 기술 서비스업",
351320,KQ,넥사다이내믹스,특수 목적용 기계 제조업,
005720,KS,넥센,고무제품 제조업,
005725,KS,넥센우,,
002350,KS,넥센타이어,고무제품 제조업,
002355,KS,넥센타이어1우B,,
089140,KQ,넥스턴앤롤코리아,특수 목적용 기계 제조업,
389650,KQ,넥스트바이오메디컬,의료용 기기 제조업,
137940,KQ,넥스트아이,"측정, 시험, 항해, 제어 및 기타 정밀기기 제조업; 광학기기 제외",
396270,KQ,넥스트칩,반도체 제조업,
348210,KQ,넥스틴,특수 목적용 기계 제조업,
092790,KS,넥스틸,1차 철강 제조업,
225570,KQ,넥슨게임즈,소프트웨어 개발 및 공급업,
205500,KQ,넥써쓰,소프트웨어 개발 및 공급업,
217270,KQ,넵튠,소프트웨어 개발 및 공급업,
251270,KS,넷마블,소프트웨어 개발 및 공급업,
104620,KQ,노랑풍선,여행사 및 기타 여행보조 서비스업,
090350,KS,노루페인트,기타 화학제품 제조업,
090355,KS,노루페인트우,,
000320,KS,노루홀딩스,기타 금융업,
000325,KS,노루홀딩스우,,
473980,KQ,노머스,창작 및 예술관련 서비스업,
194700,KQ,노바렉스,기타 식품 제조업,
285490,KQ,노바텍,그외 기타 제품 제조업,
145170,KQ,노브랜드,편조의복 제조업,
376930,KQ,노을,의료용 기기 제조업,
486990,KQ,노타,소프트웨어 개발 및 공급업,
006280,KS,녹십자,의약품 제조업,
142280,KQ,녹십자엠에스,의료용품 및 기타 의약 관련제품 제조업,
234690,KQ,녹십자웰빙,의약품 제조업,
005250,KS,녹십자홀딩스,회사 본부 및 경영 컨설팅 서비스업,
005257,KS,녹십자홀딩스2우,,
004370,KS,농심,기타 식품 제조업,
072710,KS,농심홀딩스,기타 금융업,
069140,KQ,누리플랜,"구조용 금속제품, 탱크 및 증기발생기 제조업",
040160,KQ,누리플렉스,소프트웨어 개발 및 공급업,
332290,KQ,누보,"비료, 농약 및 살균, 살충제 제조업",
348340,KQ,뉴로메카,특수 목적용 기계 제조업,
380550,KQ,뉴로핏,소프트웨어 개발 및 공급업,
060260,KQ,뉴보텍,플라스틱제품 제조업,
463020,KQ,뉴엔AI,소프트웨어 개발 및 공급업,
123840,KQ,뉴온,기타 식품 제조업,
012340,KQ,뉴인텍,자동차 신품 부품 제조업,
462310,KQ,뉴키즈온,봉제의복 제조업,
270870,KQ,뉴트리,기타 식품 제조업,
144960,KQ,뉴파워프라즈마,특수 목적용 기계 제조업,
085670,KQ,뉴프렉스,전자부품 제조업,
064260,KQ,다날,소프트웨어 개발 및 공급업,
340360,KQ,다보링크,통신 및 방송 장비 제조업,
039560,KQ,다산네트웍스,통신 및 방송 장비 제조업,
208860,KQ,다산디엠씨,소프트웨어 개발 및 공급업,
154040,KQ,다산솔루에타,전자부품 제조업,
058730,KS,다스코,"구조용 금속제품, 탱크 및 증기발생기 제조업",
030210,KS,다올투자증권,금융 지원 서비스업,
023590,KS,다우기술,"자료처리, 호스팅, 포털 및 기타 인터넷 정보매개 서비스업",
032190,KQ,다우데이타,기계장비 및 관련 물품 도매업,
323350,KQ,다원넥스뷰,특수 목적용 기계 제조업,
068240,KQ,다원시스,"전동기, 발전기 및 전기 변환 · 공급 · 제어 장치 제조업",
145210,KS,다이나믹디자인,특수 목적용 기계 제조업,
290660,KQ,다이나믹솔루션,의료용 기기 제조업,
483650,KS,달바글로벌,기타 화학제품 제조업,
464580,KQ,닷밀,"영화, 비디오물, 방송프로그램 제작 및 배급업",
019680,KS,대교,초등 교육기관,
019685,KS,대교우B,,
006370,KS,대구백화점,종합 소매업,
008060,KS,대덕,기타 금융업,
353200,KS,대덕전자,전자부품 제조업,
000490,KS,대동,특수 목적용 기계 제조업,
020400,KQ,대동금속,금속 주조업,
008830,KQ,대동기어,특수 목적용 기계 제조업,
048470,KQ,대동스틸,기타 전문 도매업,
004780,KQ,대륙제관,기타 금속 가공제품 제조업,
005750,KS,대림바스,"내화, 비내화 요업제품 제조업",
017650,KQ,대림제지,기타 종이 및 판지 제품 제조업,
006570,KS,대림통상,기타 금속 가공제품 제조업,
389260,KQ,대명에너지,건물 건설업,
317850,KQ,대모,특수 목적용 기계 제조업,
290670,KQ,대보마그네틱,기타 전기장비 제조업,
078140,KQ,대봉엘에스,의약품 제조업,
001680,KS,대상,기타 식품 제조업,
001685,KS,대상우,,
084690,KS,대상홀딩스,기타 금융업,
084695,KS,대상홀딩스우,,
036480,KQ,대성미생물,의약품 제조업,
128820,KS,대성산업,연료 소매업,
117580,KS,대성에너지,연료용 가스 제조 및 배관공급업,
027830,KQ,대성창투,신탁업 및 집합투자업,
129920,KQ,대성하이텍,특수 목적용 기계 제조업,
016710,KS,대성홀딩스,회사 본부 및 경영 컨설팅 서비스업,
471050,KQ,대신밸런스제17호스팩,금융 지원 서비스업,
482690,KQ,대신밸런스제19호스팩,금융 지원 서비스업,
020180,KQ,대신정보통신,"컴퓨터 프로그래밍, 시스템 통합 및 관리업",
003540,KS,대신증권,금융 지원 서비스업,
003547,KS,대신증권2우B,,
003545,KS,대신증권우,,
045390,KQ,대아티아이,기타 전기장비 제조업,
009190,KS,대양금속,1차 철강 제조업,
108380,KQ,대양전기공업,선박 및 보트 건조업,
014160,KS,대영포장,"골판지, 종이 상자 및 종이용기 제조업",
047040,KS,대우건설,건물 건설업,
003090,KS,대웅,의약품 제조업,
069620,KS,대웅제약,의약품 제조업,
007680,KQ,대원,건물 건설업,
000430,KS,대원강업,자동차 신품 부품 제조업,
048910,KQ,대원미디어,기타 전문 도매업,
005710,KQ,대원산업,자동차 신품 부품 제조업,
006340,KS,대원전선,절연선 및 케이블 제조업,
003220,KS,대원제약,의약품 제조업,
024890,KS,대원화성,플라스틱제품 제조업,
120240,KQ,대정화금,기초 화학물질 제조업,
003310,KQ,대주산업,동물용 사료 및 조제식품 제조업,
078600,KQ,대주전자재료,전자부품 제조업,
393970,KQ,대진첨단소재,플라스틱제품 제조업,
012800,KS,대창,1차 비철금속 제조업,
015230,KS,대창단조,자동차 신품 부품 제조업,
096350,KQ,대창솔루션,"구조용 금속제품, 탱크 및 증기발생기 제조업",
140520,KQ,대창스틸,1차 철강 제조업,
131220,KQ,대한과학,기계장비 및 관련 물품 도매업,
010170,KQ,대한광통신,절연선 및 케이블 제조업,
054670,KQ,대한뉴팜,의약품 제조업,
001070,KS,대한방직,직물직조 및 직물제품 제조업,
023910,KQ,대한약품,의약품 제조업,
006650,KS,대한유화,기초 화학물질 제조업,
001440,KS,대한전선,절연선 및 케이블 제조업,
084010,KS,대한제강,1차 철강 제조업,
001790,KS,대한제당,"곡물가공품, 전분 및 전분제품 제조업",
001130,KS,대한제분,"곡물가공품, 전분 및 전분제품 제조업",
439260,KS,대한조선,선박 및 보트 건조업,
003490,KS,대한항공,항공 여객 운송업,
003495,KS,대한항공우,,
005880,KS,대한해운,해상 운송업,
003830,KS,대한화섬,화학섬유 제조업,
016090,KS,대현,봉제의복 제조업,
069460,KS,대호에이엘,1차 비철금속 제조업,
021040,KQ,대호특수강,1차 철강 제조업,
021045,KQ,대호특수강우,,
067080,KQ,대화제약,의약품 제조업,
298540,KQ,더네이쳐홀딩스,의복 액세서리 제조업,
032860,KQ,더라미,"해체, 선별 및 원료 재생업",
475560,KS,더본코리아,상품 종합 도매업,
192080,KS,더블유게임즈,소프트웨어 개발 및 공급업,
393890,KQ,더블유씨피,일차전지 및 이차전지 제조업,
299170,KQ,더블유에스아이,생활용품 도매업,
012510,KS,더존비즈온,"컴퓨터 프로그래밍, 시스템 통합 및 관리업",
462860,KQ,더즌,전기 통신업,
224060,KQ,더코디,전자부품 제조업,
043090,KQ,더테크놀로지,기타 전문 도매업,
403850,KQ,더핑크퐁컴퍼니,"영화, 비디오물, 방송프로그램 제작 및 배급업",
213420,KQ,덕산네오룩스,전자부품 제조업,
317330,KQ,덕산테코피아,기타 화학제품 제조업,
077360,KQ,덕산하이메탈,반도체 제조업,
004830,KS,덕성,플라스틱제품 제조업,
004835,KS,덕성우,,
090410,KQ,덕신이피씨,"구조용 금속제품, 탱크 및 증기발생기 제조업",
263600,KQ,덕우전자,전자부품 제조업,
194480,KQ,데브시스터즈,소프트웨어 개발 및 공급업,
373160,KQ,데이원컴퍼니,기타 교육기관,
263800,KQ,데이타솔루션,기계장비 및 관련 물품 도매업,
206560,KQ,덱스터,"영화, 비디오물, 방송프로그램 제작 및 배급업",
261200,KQ,덴티스,의료용 기기 제조업,
145720,KS,덴티움,의료용 기기 제조업,
484120,KQ,도우인시스,전자부품 제조업,
067990,KQ,도이치모터스,자동차 판매업,
002150,KS,도화엔지니어링,"건축기술, 엔지니어링 및 관련 기술 서비스업",
006620,KQ,동구바이오제약,의약품 제조업,
100130,KQ,동국S&C,"구조용 금속제품, 탱크 및 증기발생기 제조업",
005160,KQ,동국산업,1차 철강 제조업,
303810,KQ,동국생명과학,의약품 제조업,
460850,KS,동국씨엠,1차 철강 제조업,
075970,KQ,동국알앤에스,기타 비금속 광물제품 제조업,
460860,KS,동국제강,1차 철강 제조업,
086450,KQ,동국제약,의약품 제조업,
001230,KS,동국홀딩스,기타 금융업,
023450,KS,동남합성,기초 화학물질 제조업,
004140,KS,동방,기타 운송관련 서비스업,
099410,KQ,동방선기,선박 및 보트 건조업,
007590,KS,동방아그로,"비료, 농약 및 살균, 살충제 제조업",
005960,KS,동부건설,토목 건설업,
005965,KS,동부건설우,,
026960,KS,동서,음·식료품 및 담배 도매업,
002210,KS,동성제약,의약품 제조업,
102260,KS,동성케미컬,합성고무 및 플라스틱 물질 제조업,
033500,KQ,동성화인텍,기초 화학물질 제조업,
025950,KQ,동신건설,토목 건설업,
000640,KS,동아쏘시오홀딩스,기타 금융업,
170900,KS,동아에스티,의약품 제조업,
088130,KQ,동아엘텍,특수 목적용 기계 제조업,
028100,KS,동아지질,기반조성 및 시설물 축조관련 전문공사업,
001520,KS,동양,"시멘트, 석회, 플라스터 및 그 제품 제조업",
001527,KS,동양2우B,,
084670,KS,동양고속,육상 여객 운송업,
082640,KS,동양생명,보험업,
060380,KQ,동양에스텍,1차 철강 제조업,
079960,KQ,동양이엔피,"전동기, 발전기 및 전기 변환 · 공급 · 제어 장치 제조업",
228340,KQ,동양파일,"시멘트, 석회, 플라스터 및 그 제품 제조업",
088910,KQ,동우팜투테이블,"도축, 육류 가공 및 저장 처리업",
094170,KQ,동운아나텍,반도체 제조업,
013120,KQ,동원개발,건물 건설업,
018500,KS,동원금속,자동차 신품 부품 제조업,
006040,KS,동원산업,기타 금융업,
030720,KS,동원수산,어로 어업,
014820,KS,동원시스템즈,플라스틱제품 제조업,
014825,KS,동원시스템즈우,,
111380,KS,동인기연,"가죽, 가방 및 유사제품 제조업",
163560,KS,동일고무벨트,고무제품 제조업,
109860,KQ,동일금속,금속 주조업,
032960,KQ,동일기연,전자부품 제조업,
004890,KS,동일산업,1차 철강 제조업,
023790,KQ,동일스틸럭스,1차 철강 제조업,
002690,KS,동일제강,1차 철강 제조업,
005290,KQ,동진쎄미켐,기초 화학물질 제조업,
025900,KQ,동화기업,나무제품 제조업,
000020,KS,동화약품,의약품 제조업,
000150,KS,두산,전자부품 제조업,
000157,KS,두산2우B,,
454910,KS,두산로보틱스,특수 목적용 기계 제조업,
241560,KS,두산밥캣,특수 목적용 기계 제조업,
034020,KS,두산에너빌리티,일반 목적용 기계 제조업,
000155,KS,두산우,,
131970,KQ,두산테스나,"그외 기타 전문, 과학 및 기술 서비스업",
336260,KS,두산퓨얼셀,"전동기, 발전기 및 전기 변환 · 공급 · 제어 장치 제조업",
016740,KS,두올,자동차 신품 부품 제조업,
073190,KQ,듀오백,가구 제조업,
176750,KQ,듀켐바이오,의약품 제조업,
030350,KQ,드래곤플라이,소프트웨어 개발 및 공급업,
203650,KQ,드림시큐리티,소프트웨어 개발 및 공급업,
223250,KQ,드림씨아이에스,자연과학 및 공학 연구개발업,
060570,KQ,드림어스컴퍼니,영상·오디오물 제공 서비스업,
362990,KQ,드림인사이트,광고업,
192650,KS,드림텍,전자부품 제조업,
016670,KQ,디모아,기타 전문 도매업,
187870,KQ,디바이스,특수 목적용 기계 제조업,
489730,KQ,디비금융제13호스팩,기타 금융업,
024090,KS,디씨엠,1차 철강 제조업,
003160,KS,디아이,"측정, 시험, 항해, 제어 및 기타 정밀기기 제조업; 광학기기 제외",
092200,KS,디아이씨,자동차 신품 부품 제조업,
110990,KQ,디아이티,특수 목적용 기계 제조업,
263690,KQ,디알젬,의료용 기기 제조업,
214680,KQ,디알텍,의료용 기기 제조업,
347850,KQ,디앤디파마텍,자연과학 및 공학 연구개발업,
377190,KS,디앤디플랫폼리츠,부동산 임대 및 공급업,
263720,KQ,디앤씨미디어,"서적, 잡지 및 기타 인쇄물 출판업",
376300,KQ,디어유,소프트웨어 개발 및 공급업,
104040,KQ,디에스엠,자동차 신품 부품 제조업,
109740,KQ,디에스케이,특수 목적용 기계 제조업,
031860,KQ,디에이치엑스컴퍼니,상품 종합 도매업,
066900,KQ,디에이피,전자부품 제조업,
092070,KQ,디엔에프,기타 화학제품 제조업,
039840,KQ,디오,의료용 기기 제조업,
013570,KS,디와이,기타 금융업,
024900,KS,디와이덕양,자동차 신품 부품 제조업,
219550,KQ,디와이디,생활용품 도매업,
310870,KQ,디와이씨,자동차 신품 부품 제조업,
002880,KS,디와이에이,자동차 신품 부품 제조업,
210540,KS,디와이파워,특수 목적용 기계 제조업,
104460,KQ,디와이피엔에프,일반 목적용 기계 제조업,
113810,KQ,디젠스,자동차 신품 부품 제조업,
043360,KQ,디지아이,컴퓨터 및 주변장치 제조업,
197140,KQ,디지캡,소프트웨어 개발 및 공급업,
068930,KQ,디지털대성,일반 교습 학원,
033130,KQ,디지틀조선,"자료처리, 호스팅, 포털 및 기타 인터넷 정보매개 서비스업",
105740,KQ,디케이락,일반 목적용 기계 제조업,
263020,KQ,디케이앤디,플라스틱제품 제조업,
290550,KQ,디케이티,전자부품 제조업,
066670,KQ,디티씨,부동산 임대 및 공급업,
187220,KQ,디티앤씨,기타 과학기술 서비스업,
383930,KQ,디티앤씨알오,자연과학 및 공학 연구개발업,
131180,KQ,딜리,컴퓨터 및 주변장치 제조업,
315640,KQ,딥노이드,소프트웨어 개발 및 공급업,
900110,KQ,딥커머스,기타 금융업,
317120,KQ,라닉스,반도체 제조업,
462510,KQ,라메디텍,의료용 기기 제조업,
232680,KQ,라온로보틱스,특수 목적용 기계 제조업,
042510,KQ,라온시큐어,소프트웨어 개발 및 공급업,
418420,KQ,라온텍,전자부품 제조업,
300120,KQ,라온피플,소프트웨어 개발 및 공급업,
171120,KQ,라이온켐텍,기타 화학제품 제조업,
388790,KQ,라이콤,통신 및 방송 장비 제조업,
214260,KQ,라파스,기타 화학제품 제조업,
171010,KQ,램테크놀러지,기초 화학물질 제조업,
084650,KQ,랩지노믹스,자연과학 및 공학 연구개발업,
217500,KQ,러셀,특수 목적용 기계 제조업,
038390,KQ,레드캡투어,여행사 및 기타 여행보조 서비스업,
294140,KQ,레몬,화학섬유 제조업,
443250,KQ,레뷰코퍼레이션,광고업,
228670,KQ,레이,의료용 기기 제조업,
228850,KQ,레이언스,의료용 기기 제조업,
412350,KQ,레이저쎌,특수 목적용 기계 제조업,
199550,KQ,레이저옵텍,의료용 기기 제조업,
281740,KQ,레이크머티리얼즈,기타 화학제품 제조업,
277810,KQ,레인보우로보틱스,특수 목적용 기계 제조업,
215100,KQ,로보로보,기타 전기장비 제조업,
090360,KQ,로보스타,특수 목적용 기계 제조업,
108490,KQ,로보티즈,특수 목적용 기계 제조업,
900260,KQ,로스웰,기타 금융업,
033290,KQ,로젠,"섬유, 의복, 신발 및 가죽제품 소매업",
067730,KQ,로지시스,"컴퓨터 프로그래밍, 시스템 통합 및 관리업",
071280,KQ,로체시스템즈,특수 목적용 기계 제조업,
376900,KQ,로킷헬스케어,의료용품 및 기타 의약 관련제품 제조업,
214610,KQ,롤링스톤,의료용 기기 제조업,
032350,KS,롯데관광개발,여행사 및 기타 여행보조 서비스업,
089860,KS,롯데렌탈,운송장비 임대업,
330590,KS,롯데리츠,부동산 임대 및 공급업,
000400,KS,롯데손해보험,보험업,
023530,KS,롯데쇼핑,종합 소매업,
020150,KS,롯데에너지머티리얼즈,전자부품 제조업,
280360,KS,롯데웰푸드,기타 식품 제조업,
286940,KS,롯데이노베이트,"컴퓨터 프로그래밍, 시스템 통합 및 관리업",
004000,KS,롯데정밀화학,기초 화학물질 제조업,
004990,KS,롯데지주,기타 금융업,
005300,KS,롯데칠성,비알코올음료 및 얼음 제조업,
005305,KS,롯데칠성우,,
011170,KS,롯데케미칼,기초 화학물질 제조업,
071840,KS,롯데하이마트,가전제품 및 정보통신장비 소매업,
328130,KQ,루닛,소프트웨어 개발 및 공급업,
038060,KQ,루멘스,반도체 제조업,
474170,KQ,루미르,"항공기,우주선 및 부품 제조업",
195990,KQ,루트K,특수 목적용 기계 제조업,
141080,KQ,리가켐바이오,자연과학 및 공학 연구개발업,
058470,KQ,리노공업,전자부품 제조업,
016100,KQ,리더스코스메틱,"골판지, 종이 상자 및 종이용기 제조업",
012700,KQ,리드코프,기타 전문 도매업,
302550,KQ,리메드,의료용 기기 제조업,
491000,KQ,리브스메드,의료용 기기 제조업,
394420,KQ,리센스메디컬,의료용 기기 제조업,
073570,KQ,리튬포어스,그외 기타 제품 제조업,
377450,KQ,리파인,기타 정보 서비스업,
277070,KQ,린드먼아시아,신탁업 및 집합투자업,
042500,KQ,링네트,"컴퓨터 프로그래밍, 시스템 통합 및 관리업",
193250,KQ,링크드,전자부품 제조업,
474650,KQ,링크솔루션,특수 목적용 기계 제조업,
219420,KQ,링크제니시스,소프트웨어 개발 및 공급업,
439090,KQ,마녀공장,기타 화학제품 제조업,
027740,KS,마니커,"도축, 육류 가공 및 저장 처리업",
195500,KQ,마니커에프앤지,"도축, 육류 가공 및 저장 처리업",
357430,KS,마스턴프리미어리츠,부동산 임대 및 공급업,
377480,KQ,마음AI,소프트웨어 개발 및 공급업,
305090,KQ,마이크로디지탈,의료용 기기 제조업,
098120,KQ,마이크로컨텍솔,전자부품 제조업,
424980,KQ,마이크로투나노,반도체 제조업,
038290,KQ,마크로젠,"그외 기타 전문, 과학 및 기술 서비스업",
477850,KQ,마키나락스,소프트웨어 개발 및 공급업,
001080,KS,만호제강,1차 철강 제조업,
267980,KQ,매일유업,동·식물성 유지 및 낙농제품 제조업,
005990,KQ,매일홀딩스,동·식물성 유지 및 낙농제품 제조업,
093520,KQ,매커스,기계장비 및 관련 물품 도매업,
100590,KQ,머큐리,통신 및 방송 장비 제조업,
067280,KQ,멀티캠퍼스,기타 교육기관,
072870,KQ,메가스터디,"서적, 잡지 및 기타 인쇄물 출판업",
215200,KQ,메가스터디교육,일반 교습 학원,
133750,KQ,메가엠디,일반 교습 학원,
446540,KQ,메가터치,일차전지 및 이차전지 제조업,
235980,KQ,메드팩토,자연과학 및 공학 연구개발업,
041920,KQ,메디아나,의료용 기기 제조업,
014100,KQ,메디앙스,상품 종합 도매업,
054180,KQ,메디콕스,선박 및 보트 건조업,
086900,KQ,메디톡스,기초 의약물질 제조업,
078160,KQ,메디포스트,기초 의약물질 제조업,
138040,KS,메리츠금융지주,기타 금융업,
408920,KQ,메쎄이상,기타 사업지원 서비스업,
021880,KQ,메이슨캐피탈,기타 금융업,
140410,KQ,메지온,자연과학 및 공학 연구개발업,
241770,KQ,메카로,반도체 제조업,
090370,KS,메타랩스,봉제의복 제조업,
059210,KQ,메타바이오메드,의료용품 및 기타 의약 관련제품 제조업,
118000,KS,메타케어,기계장비 및 관련 물품 도매업,
058110,KQ,멕아이씨에스,의료용 기기 제조업,
072770,KQ,멤레이비티,"컴퓨터 프로그래밍, 시스템 통합 및 관리업",
017180,KS,명문제약,의약품 제조업,
009900,KS,명신산업,자동차 신품 부품 제조업,
317450,KS,명인제약,의약품 제조업,
012690,KS,모나리자,기타 종이 및 판지 제품 제조업,
005360,KS,모나미,생활용품 도매업,
070960,KS,모나용평,일반 및 생활 숙박시설 운영업,
434480,KQ,모니터랩,소프트웨어 개발 및 공급업,
080420,KQ,모다이노칩,"섬유, 의복, 신발 및 가죽제품 소매업",
417970,KQ,모델솔루션,특수 목적용 기계 제조업,
080160,KQ,모두투어,여행사 및 기타 여행보조 서비스업,
087260,KQ,모바일어플라이언스,소프트웨어 개발 및 공급업,
101330,KQ,모베이스,통신 및 방송 장비 제조업,
012860,KQ,모베이스전자,자동차 신품 부품 제조업,
363260,KQ,모비데이즈,광고업,
348030,KQ,모비릭스,소프트웨어 개발 및 공급업,
250060,KQ,모비스,"컴퓨터 프로그래밍, 시스템 통합 및 관리업",
288980,KQ,모아데이타,소프트웨어 개발 및 공급업,
142760,KQ,모아라이프플러스,자연과학 및 공학 연구개발업,
033200,KQ,모아텍,전자부품 제조업,
009680,KS,모토닉,자동차 신품 부품 제조업,
118990,KQ,모트렉스,자동차 신품 부품 제조업,
463480,KQ,모티브링크,전자부품 제조업,
006920,KQ,모헨즈,"시멘트, 석회, 플라스터 및 그 제품 제조업",
009580,KS,무림P&P,"펄프, 종이 및 판지 제조업",
001810,KQ,무림SP,"펄프, 종이 및 판지 제조업",
009200,KS,무림페이퍼,"펄프, 종이 및 판지 제조업",
033920,KS,무학,알코올음료 제조업,
008420,KS,문배철강,1차 철강 제조업,
279600,KQ,미디어젠,소프트웨어 개발 및 공급업,
095500,KQ,미래나노텍,플라스틱제품 제조업,
254490,KQ,미래반도체,기타 전문 도매업,
025560,KS,미래산업,"측정, 시험, 항해, 제어 및 기타 정밀기기 제조업; 광학기기 제외",
218150,KQ,미래생명자원,동물용 사료 및 조제식품 제조업,
007120,KS,미래아이앤지,"컴퓨터 프로그래밍, 시스템 통합 및 관리업",
396690,KS,미래에셋글로벌리츠,부동산 임대 및 공급업,
357250,KS,미래에셋맵스리츠,부동산 임대 및 공급업,
100790,KQ,미래에셋벤처투자,기타 금융업,
477380,KQ,미래에셋비전스팩4호,금융 지원 서비스업,
477470,KQ,미래에셋비전스팩5호,금융 지원 서비스업,
478440,KQ,미래에셋비전스팩6호,금융 지원 서비스업,
482680,KQ,미래에셋비전스팩7호,금융 지원 서비스업,
085620,KS,미래에셋생명,보험업,
006800,KS,미래에셋증권,금융 지원 서비스업,
006805,KS,미래에셋증권우,,
049950,KQ,미래컴퍼니,특수 목적용 기계 제조업,
207760,KQ,미스터블루,기타 정보 서비스업,
081660,KS,미스토홀딩스,생활용품 도매업,
002840,KS,미원상사,기타 화학제품 제조업,
268280,KS,미원에스씨,기초 화학물질 제조업,
107590,KS,미원홀딩스,기타 금융업,
134380,KS,미원화학,기타 화학제품 제조업,
003650,KS,미창석유,석유 정제품 제조업,
059090,KQ,미코,반도체 제조업,
201490,KQ,미투온,소프트웨어 개발 및 공급업,
475460,KQ,미트박스,기타 정보 서비스업,
452200,KQ,민테크,"측정, 시험, 항해, 제어 및 기타 정밀기기 제조업; 광학기기 제외",
206640,KQ,바디텍메드,의료용품 및 기타 의약 관련제품 제조업,
035620,KQ,바른손이앤에이,"영화, 비디오물, 방송프로그램 제작 및 배급업",
053030,KQ,바이넥스,의약품 제조업,
301300,KQ,바이브컴퍼니,소프트웨어 개발 및 공급업,
377740,KS,바이오노트,의료용품 및 기타 의약 관련제품 제조업,
064550,KQ,바이오니아,의료용품 및 기타 의약 관련제품 제조업,
314930,KQ,바이오다인,의료용 기기 제조업,
489460,KQ,바이오비쥬,기타 화학제품 제조업,
086820,KQ,바이오솔루션,기초 의약물질 제조업,
038460,KQ,바이오스마트,전자부품 제조업,
251120,KQ,바이오에프디엔씨,기초 의약물질 제조업,
199730,KQ,바이오인프라,자연과학 및 공학 연구개발업,
086040,KQ,바이오톡스텍,자연과학 및 공학 연구개발업,
188040,KQ,바이오포트,기타 식품 제조업,
099430,KQ,바이오플러스,기초 의약물질 제조업,
308080,KQ,바이젠셀,자연과학 및 공학 연구개발업,
043150,KQ,바텍,의료용 기기 제조업,
323990,KQ,박셀바이오,자연과학 및 공학 연구개발업,
003610,KS,방림,직물직조 및 직물제품 제조업,
267790,KQ,배럴,봉제의복 제조업,
046310,KQ,백금T&A,통신 및 방송 장비 제조업,
035150,KS,백산,플라스틱제품 제조업,
331520,KQ,밸로프,소프트웨어 개발 및 공급업,
199480,KQ,뱅크웨어글로벌,소프트웨어 개발 및 공급업,
438700,KQ,버넥트,소프트웨어 개발 및 공급업,
002410,KS,범양건영,건물 건설업,
382900,KQ,범한퓨얼셀,"전동기, 발전기 및 전기 변환 · 공급 · 제어 장치 제조업",
206400,KQ,베노티앤알,실내건축 및 건축마무리 공사업,
019010,KQ,베뉴지,종합 소매업,
177350,KQ,베셀,플라스틱제품 제조업,
457600,KQ,벡트,영상 및 음향기기 제조업,
424760,KQ,벨로크,"컴퓨터 프로그래밍, 시스템 통합 및 관리업",
007210,KS,벽산,기타 비금속 광물제품 제조업,
250000,KQ,보라티알,음·식료품 및 담배 도매업,
002760,KS,보락,기타 화학제품 제조업,
003850,KS,보령,의약품 제조업,
310210,KQ,보로노이,자연과학 및 공학 연구개발업,
006910,KQ,보성파워텍,"구조용 금속제품, 탱크 및 증기발생기 제조업",
000890,KS,보해양조,알코올음료 제조업,
226340,KQ,본느,기타 화학제품 제조업,
003000,KS,부광약품,의약품 제조업,
001270,KS,부국증권,금융 지원 서비스업,
001275,KS,부국증권우,,
026940,KS,부국철강,1차 철강 제조업,
014470,KQ,부방,부동산 임대 및 공급업,
011390,KS,부산산업,"시멘트, 석회, 플라스터 및 그 제품 제조업",
008470,KQ,부스타,"구조용 금속제품, 탱크 및 증기발생기 제조업",
338220,KQ,뷰노,소프트웨어 개발 및 공급업,
100120,KQ,뷰웍스,의료용 기기 제조업,
406820,KQ,뷰티스킨,기타 화학제품 제조업,
099390,KQ,브레인즈컴퍼니,소프트웨어 개발 및 공급업,
064480,KQ,브리지텍,소프트웨어 개발 및 공급업,
365900,KQ,브이씨,운동 및 경기용구 제조업,
089970,KQ,브이엠,특수 목적용 기계 제조업,
251630,KQ,브이원텍,특수 목적용 기계 제조업,
018290,KQ,브이티,기타 화학제품 제조업,
478560,KQ,블랙야크아이앤씨,신발 및 신발 부분품 제조업,
006740,KS,블루산업개발,"골판지, 종이 상자 및 종이용기 제조업",
439580,KQ,블루엠텍,기타 전문 도매업,
033560,KQ,블루콤,영상 및 음향기기 제조업,
369370,KQ,블리츠웨이엔터테인먼트,창작 및 예술관련 서비스업,
126340,KQ,비나텍,일차전지 및 이차전지 제조업,
082800,KQ,비보존 제약,의약품 제조업,
318410,KQ,비비씨,기타 화학제품 제조업,
002070,KS,비비안,봉제의복 제조업,
100220,KS,비상교육,"서적, 잡지 및 기타 인쇄물 출판업",
419540,KQ,비스토스,의료용 기기 제조업,
146320,KQ,비씨엔씨,반도체 제조업,
200780,KQ,비씨월드제약,의약품 제조업,
413640,KQ,비아이매트릭스,소프트웨어 개발 및 공급업,
141000,KQ,비아트론,특수 목적용 기계 제조업,
090460,KS,비에이치,전자부품 제조업,
083650,KQ,비에이치아이,일반 목적용 기계 제조업,
065170,KQ,비엘팜텍,음·식료품 및 담배 도매업,
086670,KQ,비엠티,일반 목적용 기계 제조업,
488900,KQ,비츠로넥스텍,"항공기,우주선 및 부품 제조업",
082920,KQ,비츠로셀,일차전지 및 이차전지 제조업,
054220,KQ,비츠로시스,"전동기, 발전기 및 전기 변환 · 공급 · 제어 장치 제조업",
042370,KQ,비츠로테크,기타 금융업,
050090,KQ,비케이홀딩스,광고업,
148780,KQ,비큐AI,소프트웨어 개발 및 공급업,
307870,KQ,비투엔,소프트웨어 개발 및 공급업,
377030,KQ,비트맥스,소프트웨어 개발 및 공급업,
032850,KQ,비트컴퓨터,소프트웨어 개발 및 공급업,
049470,KQ,비트플래닛,소프트웨어 개발 및 공급업,
238200,KQ,비피도,기타 식품 제조업,
093190,KQ,빅솔론,컴퓨터 및 주변장치 제조업,
065450,KQ,빅텍,"측정, 시험, 항해, 제어 및 기타 정밀기기 제조업; 광학기기 제외",
044480,KQ,빌리언스,창작 및 예술관련 서비스업,
005180,KS,빙그레,동·식물성 유지 및 낙농제품 제조업,
069540,KQ,빛과전자,통신 및 방송 장비 제조업,
072950,KQ,빛샘전자,전자부품 제조업,
451250,KQ,삐아,기타 화학제품 제조업,
143240,KQ,사람인,"자료처리, 호스팅, 포털 및 기타 인터넷 정보매개 서비스업",
466410,KQ,사이냅소프트,소프트웨어 개발 및 공급업,
003960,KS,사조대림,수산물 가공 및 저장 처리업,
008040,KS,사조동아원,"곡물가공품, 전분 및 전분제품 제조업",
007160,KS,사조산업,수산물 가공 및 저장 처리업,
014710,KS,사조씨푸드,수산물 가공 및 저장 처리업,
006090,KS,사조오양,수산물 가공 및 저장 처리업,
223310,KQ,사토시홀딩스,상품 종합 도매업,
452430,KQ,사피엔반도체,반도체 제조업,
419120,KQ,산돌,소프트웨어 개발 및 공급업,
062040,KS,산일전기,"전동기, 발전기 및 전기 변환 · 공급 · 제어 장치 제조업",
122350,KQ,삼기,자동차 신품 부품 제조업,
419050,KQ,삼기에너지솔루션즈,자동차 신품 부품 제조업,
014970,KQ,삼륭물산,"골판지, 종이 상자 및 종이용기 제조업",
005610,KS,삼립,기타 식품 제조업,
018310,KQ,삼목에스폼,"구조용 금속제품, 탱크 및 증기발생기 제조업",
012210,KQ,삼미금속,기타 금속 가공제품 제조업,
053700,KQ,삼보모터스,자동차 신품 부품 제조업,
009620,KQ,삼보산업,1차 비철금속 제조업,
023600,KQ,삼보판지,"펄프, 종이 및 판지 제조업",
001470,KS,삼부토건,토목 건설업,
028050,KS,삼성E&A,"건축기술, 엔지니어링 및 관련 기술 서비스업",
448730,KS,삼성FN리츠,부동산 임대 및 공급업,
006400,KS,삼성SDI,일차전지 및 이차전지 제조업,
006405,KS,삼성SDI우,,
006660,KS,삼성공조,자동차 신품 부품 제조업,
028260,KS,삼성물산,기타 전문 도매업,
207940,KS,삼성바이오로직스,기초 의약물질 제조업,
032830,KS,삼성생명,보험업,
018260,KS,삼성에스디에스,"컴퓨터 프로그래밍, 시스템 통합 및 관리업",
009150,KS,삼성전기,전자부품 제조업,
009155,KS,삼성전기우,,
005930,KS,삼성전자,통신 및 방송 장비 제조업,
005935,KS,삼성전자우,,
001360,KS,삼성제약,의약품 제조업,
010140,KS,삼성중공업,선박 및 보트 건조업,
016360,KS,삼성증권,금융 지원 서비스업,
068290,KS,삼성출판사,"서적, 잡지 및 기타 인쇄물 출판업",
029780,KS,삼성카드,기타 금융업,
000810,KS,삼성화재,보험업,
000815,KS,삼성화재우,,
006110,KS,삼아알미늄,1차 비철금속 제조업,
009300,KQ,삼아제약,의약품 제조업,
145990,KS,삼양사,기타 식품 제조업,
145995,KS,삼양사우,,
003230,KS,삼양식품,기타 식품 제조업,
482630,KQ,삼양엔씨켐,기타 화학제품 제조업,
484590,KQ,삼양컴텍,무기 및 총포탄 제조업,
036670,KQ,삼양케이씨아이,기타 화학제품 제조업,
272550,KS,삼양패키징,플라스틱제품 제조업,
000070,KS,삼양홀딩스,기타 금융업,
003720,KS,삼영,플라스틱제품 제조업,
002810,KS,삼영무역,기타 전문 도매업,
361670,KQ,삼영에스앤씨,전자부품 제조업,
054540,KQ,삼영엠텍,"구조용 금속제품, 탱크 및 증기발생기 제조업",
065570,KQ,삼영이엔씨,통신 및 방송 장비 제조업,
005680,KS,삼영전자,전자부품 제조업,
023000,KS,삼원강재,자동차 신품 부품 제조업,
004380,KS,삼익THK,일반 목적용 기계 제조업,
002450,KS,삼익악기,악기 제조업,
014950,KQ,삼익제약,의약품 제조업,
032280,KQ,삼일,도로 화물 운송업,
002290,KQ,삼일기업공사,건물 건설업,
004440,KS,삼일씨엔에스,"시멘트, 석회, 플라스터 및 그 제품 제조업",
000520,KS,삼일제약,의약품 제조업,
009770,KS,삼정펄프,"펄프, 종이 및 판지 제조업",
037460,KQ,삼지전자,통신 및 방송 장비 제조업,
032750,KQ,삼진,통신 및 방송 장비 제조업,
054090,KQ,삼진엘앤디,그외 기타 제품 제조업,
005500,KS,삼진제약,의약품 제조업,
000250,KQ,삼천당제약,의약품 제조업,
004690,KS,삼천리,연료용 가스 제조 및 배관공급업,
024950,KQ,삼천리자전거,생활용품 도매업,
038500,KQ,삼표시멘트,기타 비금속 광물제품 제조업,
437730,KQ,삼현,자동차 신품 부품 제조업,
017480,KQ,삼현철강,1차 철강 제조업,
010960,KS,삼호개발,기반조성 및 시설물 축조관련 전문공사업,
046390,KQ,삼화네트웍스,"영화, 비디오물, 방송프로그램 제작 및 배급업",
004450,KS,삼화왕관,기타 금속 가공제품 제조업,
009470,KS,삼화전기,전자부품 제조업,
011230,KS,삼화전자,영상 및 음향기기 제조업,
001820,KS,삼화콘덴서,전자부품 제조업,
027580,KQ,상보,플라스틱제품 제조업,
038540,KQ,상상인,"컴퓨터 프로그래밍, 시스템 통합 및 관리업",
001290,KS,상상인증권,금융 지원 서비스업,
041650,KS,상신브레이크,자동차 신품 부품 제조업,
091580,KQ,상신이디피,일차전지 및 이차전지 제조업,
263810,KQ,상신전자,전자부품 제조업,
089980,KQ,상아프론테크,플라스틱제품 제조업,
042940,KQ,상지건설,건물 건설업,
042600,KQ,새로닉스,전자부품 제조업,
075180,KS,새론오토모티브,자동차 신품 부품 제조업,
107600,KQ,새빗켐,기타 화학제품 제조업,
411080,KQ,샌즈랩,소프트웨어 개발 및 공급업,
252990,KQ,샘씨엔에스,전자부품 제조업,
007540,KS,샘표,기타 금융업,
248170,KS,샘표식품,기타 식품 제조업,
378800,KQ,샤페론,기초 의약물질 제조업,
294630,KQ,서남,기타 전기장비 제조업,
038070,KQ,서린바이오,기타 전문 도매업,
006730,KQ,서부T&D,일반 및 생활 숙박시설 운영업,
079650,KQ,서산,"시멘트, 석회, 플라스터 및 그 제품 제조업",
100660,KQ,서암기계공업,일반 목적용 기계 제조업,
007860,KS,서연,기타 금융업,
200880,KS,서연이화,자동차 신품 부품 제조업,
019770,KQ,서연탑메탈,특수 목적용 기계 제조업,
017390,KS,서울가스,연료용 가스 제조 및 배관공급업,
092190,KQ,서울바이오시스,반도체 제조업,
046890,KQ,서울반도체,반도체 제조업,
031210,KS,서울보증보험,보험업,
004410,KS,서울식품,기타 식품 제조업,
004415,KS,서울식품우,,
063170,KQ,서울옥션,상품 중개업,
027040,KQ,서울전자통신,"전동기, 발전기 및 전기 변환 · 공급 · 제어 장치 제조업",
018680,KQ,서울제약,의약품 제조업,
036120,KQ,서울평가정보,기타 정보 서비스업,
021050,KS,서원,금속 주조업,
093920,KQ,서원인텍,통신 및 방송 장비 제조업,
189860,KQ,서전기전,"전동기, 발전기 및 전기 변환 · 공급 · 제어 장치 제조업",
178320,KQ,서진시스템,기타 전기장비 제조업,
122690,KQ,서진오토모티브,자동차 신품 부품 제조업,
140070,KQ,서플러스글로벌,기계장비 및 관련 물품 도매업,
011370,KQ,서한,건물 건설업,
065710,KQ,서호전기,"전동기, 발전기 및 전기 변환 · 공급 · 제어 장치 제조업",
008490,KS,서흥,기타 화학제품 제조업,
035890,KQ,서희건설,건물 건설업,
357550,KQ,석경에이티,기초 화학물질 제조업,
003100,KQ,선광,기타 운송관련 서비스업,
007610,KS,선도전기,"전동기, 발전기 및 전기 변환 · 공급 · 제어 장치 제조업",
067370,KQ,선바이오,의약품 제조업,
171090,KQ,선익시스템,특수 목적용 기계 제조업,
136490,KS,선진,동물용 사료 및 조제식품 제조업,
086710,KQ,선진뷰티사이언스,기타 화학제품 제조업,
014620,KQ,성광벤드,1차 철강 제조업,
037350,KQ,성도이엔지,"건축기술, 엔지니어링 및 관련 기술 서비스업",
014910,KS,성문전자,전자부품 제조업,
014915,KS,성문전자우,,
004980,KS,성신양회,"시멘트, 석회, 플라스터 및 그 제품 제조업",
004985,KS,성신양회우,,
458650,KQ,성우,일차전지 및 이차전지 제조업,
081580,KQ,성우전자,통신 및 방송 장비 제조업,
045300,KQ,성우테크론,전자부품 제조업,
015750,KQ,성우하이텍,자동차 신품 부품 제조업,
340930,KQ,성원에너텍,특수 목적용 기계 제조업,
365340,KQ,성일하이텍,기초 화학물질 제조업,
000180,KS,성창기업지주,회사 본부 및 경영 컨설팅 서비스업,
080470,KQ,성창오토텍,자동차 신품 부품 제조업,
043260,KQ,성호전자,전자부품 제조업,
148150,KQ,세경하이테크,전자부품 제조업,
002420,KS,세기상사,연료 소매업,
061090,KQ,세나테크놀로지,통신 및 방송 장비 제조업,
188260,KQ,세니젠,그외 기타 제품 제조업,
053060,KQ,세동,자동차 신품 부품 제조업,
340440,KQ,세림B&G,플라스틱제품 제조업,
017510,KQ,세명전기,기타 금속 가공제품 제조업,
490470,KQ,세미파이브,"건축기술, 엔지니어링 및 관련 기술 서비스업",
004360,KS,세방,도로 화물 운송업,
004365,KS,세방우,,
004490,KS,세방전지,일차전지 및 이차전지 제조업,
011560,KQ,세보엠이씨,건물설비 설치 공사업,
396300,KQ,세아메카닉스,기타 금속 가공제품 제조업,
001430,KS,세아베스틸지주,1차 철강 제조업,
306200,KS,세아제강,1차 철강 제조업,
003030,KS,세아제강지주,기타 금융업,
058650,KS,세아홀딩스,1차 철강 제조업,
013000,KS,세우글로벌,기타 전문 도매업,
100700,KQ,세운메디칼,의료용품 및 기타 의약 관련제품 제조업,
024830,KQ,세원물산,자동차 신품 부품 제조업,
021820,KS,세원정공,자동차 신품 부품 제조업,
067830,KS,세이브존I&C,종합 소매업,
036630,KQ,세종텔레콤,전기 및 통신 공사업,
039310,KQ,세중,소프트웨어 개발 및 공급업,
075580,KS,세진중공업,선박 및 보트 건조업,
067770,KQ,세진티에스,전자부품 제조업,
053450,KQ,세코닉스,사진장비 및 광학기기 제조업,
252500,KQ,세화피앤씨,기타 화학제품 제조업,
321370,KQ,센서뷰,전자부품 제조업,
347000,KQ,센코,"측정, 시험, 항해, 제어 및 기타 정밀기기 제조업; 광학기기 제외",
331920,KQ,셀레믹스,기초 의약물질 제조업,
352770,KQ,셀레스트라,의료용품 및 기타 의약 관련제품 제조업,
471820,KQ,셀로맥스사이언스,기타 식품 제조업,
049180,KQ,셀루메드,기초 의약물질 제조업,
299660,KQ,셀리드,자연과학 및 공학 연구개발업,
108860,KQ,셀바스AI,소프트웨어 개발 및 공급업,
208370,KQ,셀바스헬스케어,의료용 기기 제조업,
318160,KQ,셀바이오휴먼텍,기타 섬유제품 제조업,
308430,KQ,셀비온,의약품 제조업,
068270,KS,셀트리온,기초 의약물질 제조업,
068760,KQ,셀트리온제약,의약품 제조업,
007720,KQ,소노스퀘어,상품 종합 도매업,
290690,KQ,소룩스,전구 및 조명장치 제조업,
950200,KQ,소마젠,"그외 기타 전문, 과학 및 기술 서비스업",
032680,KQ,소프트센,기타 정보 서비스업,
258790,KQ,소프트캠프,소프트웨어 개발 및 공급업,
066910,KQ,손오공,기타 전문 도매업,
215090,KQ,솔디펜스,"측정, 시험, 항해, 제어 및 기타 정밀기기 제조업; 광학기기 제외",
336370,KS,솔루스첨단소재,전자부품 제조업,
248070,KS,솔루엠,전자부품 제조업,
035610,KQ,솔본,회사 본부 및 경영 컨설팅 서비스업,
357780,KQ,솔브레인,기타 화학제품 제조업,
036830,KQ,솔브레인홀딩스,회사 본부 및 경영 컨설팅 서비스업,
304100,KQ,솔트룩스,소프트웨어 개발 및 공급업,
328380,KQ,솔트웨어,"컴퓨터 프로그래밍, 시스템 통합 및 관리업",
004430,KS,송원산업,기타 화학제품 제조업,
086980,KQ,쇼박스,"영화, 비디오물, 방송프로그램 제작 및 배급업",
017550,KS,수산세보틱스,특수 목적용 기계 제조업,
050960,KQ,수산아이앤티,소프트웨어 개발 및 공급업,
126720,KS,수산인더스트리,전기 및 통신 공사업,
084180,KQ,수성웹툰,일반 목적용 기계 제조업,
253840,KQ,수젠텍,의료용품 및 기타 의약 관련제품 제조업,
298830,KQ,슈어소프트테크,소프트웨어 개발 및 공급업,
236200,KQ,슈프리마,통신 및 방송 장비 제조업,
094840,KQ,슈프리마에이치큐,통신 및 방송 장비 제조업,
192440,KQ,슈피겐코리아,그외 기타 제품 제조업,
424960,KQ,스마트레이더시스템,"측정, 시험, 항해, 제어 및 기타 정밀기기 제조업; 광학기기 제외",
099440,KQ,스맥,특수 목적용 기계 제조업,
066590,KQ,스모트로닉,자동차 신품 부품 제조업,
053210,KS,스카이라이프,텔레비전 방송업,
276040,KQ,스코넥,소프트웨어 개발 및 공급업,
060240,KQ,스타코링크,선박 및 보트 건조업,
115570,KQ,스타플렉스,플라스틱제품 제조업,
330730,KQ,스톤브릿지벤처스,기타 금융업,
352090,KQ,스톰테크,플라스틱제품 제조업,
253450,KQ,스튜디오드래곤,"영화, 비디오물, 방송프로그램 제작 및 배급업",
408900,KQ,스튜디오미르,"영화, 비디오물, 방송프로그램 제작 및 배급업",
415380,KQ,스튜디오삼익,기타 생활용품 소매업,
475040,KQ,스트라드비젼,소프트웨어 개발 및 공급업,
026890,KS,스틱인베스트먼트,신탁업 및 집합투자업,
013810,KQ,스페코,특수 목적용 기계 제조업,
347700,KQ,스피어,소프트웨어 개발 및 공급업,
049830,KQ,승일,기타 금속 가공제품 제조업,
020710,KQ,시공테크,전문디자인업,
033170,KQ,시그네틱스,반도체 제조업,
048870,KQ,시너지이노베이션,의료용 기기 제조업,
025320,KQ,시노펙스,전자부품 제조업,
134790,KS,시디즈,가구 제조업,
340810,KQ,시선AI,소프트웨어 개발 및 공급업,
056090,KQ,시지메드텍,의료용 기기 제조업,
429270,KQ,시지트로닉스,반도체 제조업,
418250,KQ,시큐레터,소프트웨어 개발 및 공급업,
131090,KQ,시큐브,소프트웨어 개발 및 공급업,
462870,KS,시프트업,소프트웨어 개발 및 공급업,
016590,KS,신대양제지,"골판지, 종이 상자 및 종이용기 제조업",
290520,KQ,신도기연,특수 목적용 기계 제조업,
029530,KS,신도리코,컴퓨터 및 주변장치 제조업,
004970,KS,신라교역,어로 어업,
001000,KQ,신라섬유,부동산 임대 및 공급업,
025870,KQ,신라에스지,음·식료품 및 담배 도매업,
215600,KQ,신라젠,자연과학 및 공학 연구개발업,
065350,KQ,신성델타테크,가정용 기기 제조업,
416180,KQ,신성에스티,자동차 신품 부품 제조업,
011930,KS,신성이엔지,반도체 제조업,
004170,KS,신세계,종합 소매업,
035510,KS,신세계 I&C,"컴퓨터 프로그래밍, 시스템 통합 및 관리업",
031430,KS,신세계인터내셔날,"섬유, 의복, 신발 및 가죽제품 소매업",
031440,KS,신세계푸드,음식점업,
006880,KS,신송홀딩스,산업용 농·축산물 및 동·식물 도매업,
162300,KQ,신스틸,1차 철강 제조업,
002800,KQ,신신제약,의약품 제조업,
472220,KQ,신영스팩10호,금융 지원 서비스업,
005800,KS,신영와코루,봉제의복 제조업,
001720,KS,신영증권,금융 지원 서비스업,
009270,KS,신원,봉제의복 제조업,
017000,KQ,신원종합개발,건물 건설업,
002700,KS,신일전자,기계장비 및 관련 물품 도매업,
012790,KQ,신일제약,의약품 제조업,
138070,KQ,신진에스엠,기타 금속 가공제품 제조업,
226330,KQ,신테카바이오,소프트웨어 개발 및 공급업,
002870,KS,신풍,기타 전문 도매업,
019170,KS,신풍제약,의약품 제조업,
019175,KS,신풍제약우,,
481850,KS,신한글로벌액티브리츠,신탁업 및 집합투자업,
404990,KS,신한서부티엔디리츠,부동산 임대 및 공급업,
293940,KS,신한알파리츠,부동산 임대 및 공급업,
474660,KQ,신한제12호스팩,금융 지원 서비스업,
474930,KQ,신한제13호스팩,금융 지원 서비스업,
487360,KQ,신한제14호스팩,금융 지원 서비스업,
487830,KQ,신한제15호스팩,금융 지원 서비스업,
496070,KQ,신한제16호스팩,금융 지원 서비스업,
055550,KS,신한지주,기타 금융업,
056700,KQ,신화인터텍,플라스틱제품 제조업,
187270,KQ,신화콘텍,"전동기, 발전기 및 전기 변환 · 공급 · 제어 장치 제조업",
095190,KQ,신화프리텍,기타 금속 가공제품 제조업,
004080,KS,신흥,기계장비 및 관련 물품 도매업,
243840,KQ,신흥에스이씨,일차전지 및 이차전지 제조업,
257720,KQ,실리콘투,상품 종합 도매업,
222800,KQ,심텍,전자부품 제조업,
036710,KQ,심텍홀딩스,회사 본부 및 경영 컨설팅 서비스업,
444530,KQ,심플랫폼,소프트웨어 개발 및 공급업,
234030,KQ,싸이닉솔루션,반도체 제조업,
160980,KQ,싸이맥스,특수 목적용 기계 제조업,
356890,KQ,싸이버원,소프트웨어 개발 및 공급업,
217330,KQ,싸이토젠,자연과학 및 공학 연구개발업,
004770,KS,써니전자,전자부품 제조업,
208640,KQ,썸에이지,소프트웨어 개발 및 공급업,
222420,KQ,쎄노텍,기타 비금속 광물제품 제조업,
037760,KQ,쎄니트,1차 철강 제조업,
081180,KQ,쎄크,일반 목적용 기계 제조업,
099320,KQ,쎄트렉아이,"항공기,우주선 및 부품 제조업",
049960,KQ,쎌바이오텍,기초 의약물질 제조업,
088280,KQ,쏘닉스,반도체 제조업,
403550,KS,쏘카,운송장비 임대업,
050890,KQ,쏠리드,통신 및 방송 장비 제조업,
394800,KQ,쓰리빌리언,자연과학 및 공학 연구개발업,
177900,KQ,쓰리에이로직스,반도체 제조업,
475400,KQ,씨메스로보틱스,특수 목적용 기계 제조업,
109670,KQ,씨싸이트,봉제의복 제조업,
066790,KQ,씨씨에스,텔레비전 방송업,
004920,KS,씨아이테크,영상 및 음향기기 제조업,
352480,KQ,씨앤씨인터내셔널,기타 화학제품 제조업,
264660,KQ,씨앤지하이테크,특수 목적용 기계 제조업,
352700,KQ,씨앤투스,화학섬유 제조업,
458870,KQ,씨어스,의료용 기기 제조업,
297090,KQ,씨에스베어링,일반 목적용 기계 제조업,
112610,KS,씨에스윈드,"구조용 금속제품, 탱크 및 증기발생기 제조업",
900120,KQ,씨엑스아이,기타 금융업,
359090,KQ,씨엔알리서치,"그외 기타 전문, 과학 및 기술 서비스업",
115530,KQ,씨엔플러스,전자부품 제조업,
388210,KQ,씨엠티엑스,전자부품 제조업,
115480,KQ,씨유메디칼,의료용 기기 제조업,
376290,KQ,씨유테크,전자부품 제조업,
189330,KQ,씨이랩,소프트웨어 개발 및 공급업,
096530,KQ,씨젠,의료용품 및 기타 의약 관련제품 제조업,
101240,KQ,씨큐브,기초 화학물질 제조업,
060590,KQ,씨티씨바이오,의약품 제조업,
308170,KS,씨티알모빌리티,자동차 신품 부품 제조업,
260930,KQ,씨티케이,기타 화학제품 제조업,
413630,KQ,씨피시스템,플라스틱제품 제조업,
013990,KQ,아가방컴퍼니,생활용품 도매업,
123860,KQ,아나패스,반도체 제조업,
025980,KQ,아난티,일반 및 생활 숙박시설 운영업,
008700,KS,아남전자,영상 및 음향기기 제조업,
261780,KQ,아리바이오랩,자연과학 및 공학 연구개발업,
125210,KQ,아모그린텍,전자부품 제조업,
090430,KS,아모레퍼시픽,기타 화학제품 제조업,
090435,KS,아모레퍼시픽우,,
002790,KS,아모레퍼시픽홀딩스,기타 화학제품 제조업,
002795,KS,아모레퍼시픽홀딩스우,,
357580,KQ,아모센스,전자부품 제조업,
052710,KQ,아모텍,전자부품 제조업,
074430,KQ,아미노로직스,기초 의약물질 제조업,
092040,KQ,아미코젠,기타 식품 제조업,
083930,KQ,아바코,특수 목적용 기계 제조업,
149950,KQ,아바텍,전자부품 제조업,
036010,KQ,아비코전자,전자부품 제조업,
002030,KS,아세아,회사 본부 및 경영 컨설팅 서비스업,
183190,KS,아세아시멘트,"시멘트, 석회, 플라스터 및 그 제품 제조업",
002310,KS,아세아제지,"골판지, 종이 상자 및 종이용기 제조업",
050860,KQ,아세아텍,특수 목적용 기계 제조업,
012170,KS,아센디오,"영화, 비디오물, 방송프로그램 제작 및 배급업",
136410,KQ,아셈스,플라스틱제품 제조업,
246720,KQ,아스타,의료용품 및 기타 의약 관련제품 제조업,
450950,KQ,아스테라시스,의료용 기기 제조업,
067390,KQ,아스트,"항공기,우주선 및 부품 제조업",
159010,KQ,아스플로,일반 목적용 기계 제조업,
127710,KQ,아시아경제,"자료처리, 호스팅, 포털 및 기타 인터넷 정보매개 서비스업",
267850,KS,아시아나IDT,"컴퓨터 프로그래밍, 시스템 통합 및 관리업",
020560,KS,아시아나항공,항공 여객 운송업,
154030,KQ,아시아종묘,작물 재배업,
227610,KQ,아우딘퓨쳐스,기타 화학제품 제조업,
331740,KQ,아우토크립트,소프트웨어 개발 및 공급업,
143160,KQ,아이디스,통신 및 방송 장비 제조업,
054800,KQ,아이디스홀딩스,기타 전문 서비스업,
332370,KQ,아이디피,컴퓨터 및 주변장치 제조업,
066430,KQ,아이로보틱스,기타 전문 도매업,
122900,KS,아이마켓코리아,상품 종합 도매업,
339950,KQ,아이비김영,일반 교습 학원,
469750,KQ,아이비젼웍스,특수 목적용 기계 제조업,
460470,KQ,아이빔테크놀로지,사진장비 및 광학기기 제조업,
099190,KQ,아이센스,의료용 기기 제조업,
461300,KQ,아이스크림미디어,소프트웨어 개발 및 공급업,
289010,KQ,아이스크림에듀,"서적, 잡지 및 기타 인쇄물 출판업",
214430,KQ,아이쓰리시스템,전자부품 제조업,
040910,KQ,아이씨디,특수 목적용 기계 제조업,
368600,KQ,아이씨에이치,전자부품 제조업,
456010,KQ,아이씨티케이,반도체 제조업,
052860,KQ,아이앤씨,반도체 제조업,
464500,KQ,아이언디바이스,반도체 제조업,
010780,KS,아이에스동서,"시멘트, 석회, 플라스터 및 그 제품 제조업",
212710,KQ,아이에스티이,반도체 제조업,
038880,KQ,아이에이,전자부품 제조업,
307180,KQ,아이엘,전구 및 조명장치 제조업,
493280,KQ,아이엠바이오로직스,자연과학 및 공학 연구개발업,
461030,KQ,아이엠비디엑스,자연과학 및 공학 연구개발업,
451220,KQ,아이엠티,특수 목적용 기계 제조업,
078860,KQ,아이오케이이엔엠,"영화, 비디오물, 방송프로그램 제작 및 배급업",
090150,KQ,아이윈,자동차 신품 부품 제조업,
031310,KQ,아이즈비전,전기 통신업,
462980,KQ,아이지넷,기타 정보 서비스업,
185490,KQ,아이진,자연과학 및 공학 연구개발업,
059100,KQ,아이컴포넌트,전자부품 제조업,
262840,KQ,아이퀘스트,소프트웨어 개발 및 공급업,
175250,KQ,아이큐어,기타 화학제품 제조업,
052460,KQ,아이크래프트,"컴퓨터 프로그래밍, 시스템 통합 및 관리업",
119830,KQ,아이텍,"그외 기타 전문, 과학 및 기술 서비스업",
052770,KQ,아이톡시,소프트웨어 개발 및 공급업,
124500,KQ,아이티센글로벌,"컴퓨터 프로그래밍, 시스템 통합 및 관리업",
031820,KS,아이티센씨티에스,"컴퓨터 프로그래밍, 시스템 통합 및 관리업",
010280,KQ,아이티센엔텍,"컴퓨터 프로그래밍, 시스템 통합 및 관리업",
232830,KQ,아이티센피엔에스,소프트웨어 개발 및 공급업,
372800,KQ,아이티아이즈,소프트웨어 개발 및 공급업,
084850,KQ,아이티엠반도체,전자부품 제조업,
309710,KQ,아이티켐,기초 의약물질 제조업,
114840,KQ,아이패밀리에스씨,기타 화학제품 제조업,
027360,KQ,아주IB투자,기타 금융업,
139990,KS,아주스틸,1차 철강 제조업,
032080,KQ,아즈텍WB,"섬유제품 염색, 정리 및 마무리 가공업",
013310,KQ,아진산업,자동차 신품 부품 제조업,
059120,KQ,아진엑스텍,반도체 제조업,
009320,KS,아진전자부품,자동차 신품 부품 제조업,
203690,KQ,아크솔루션스,"펄프, 종이 및 판지 제조업",
158430,KQ,아톤,소프트웨어 개발 및 공급업,
297570,KQ,아틀라스링크,통신 및 방송 장비 제조업,
200350,KQ,아티스트스튜디오,"영화, 비디오물, 방송프로그램 제작 및 배급업",
321820,KQ,아티스트컴퍼니,창작 및 예술관련 서비스업,
001540,KQ,안국약품,의약품 제조업,
053800,KQ,안랩,소프트웨어 개발 및 공급업,
065660,KQ,안트로젠,기타 전문 도매업,
001780,KS,알루코,1차 비철금속 제조업,
260660,KQ,알리코제약,의료용품 및 기타 의약 관련제품 제조업,
354320,KQ,알멕,1차 비철금속 제조업,
361570,KQ,알비더블유,오디오물 출판 및 원판 녹음업,
131370,KQ,알서포트,소프트웨어 개발 및 공급업,
140670,KQ,알에스오토메이션,전자부품 제조업,
061040,KQ,알에프텍,통신 및 방송 장비 제조업,
148250,KQ,알엔투테크놀로지,전자부품 제조업,
123010,KQ,알엔티엑스,전자부품 제조업,
476830,KQ,알지노믹스,자연과학 및 공학 연구개발업,
347860,KQ,알체라,소프트웨어 개발 및 공급업,
196170,KQ,알테오젠,자연과학 및 공학 연구개발업,
123750,KQ,알톤,그외 기타 운송장비 제조업,
459550,KQ,알트,통신 및 방송 장비 제조업,
085810,KQ,알티캐스트,소프트웨어 개발 및 공급업,
043100,KQ,알파AI,의료용 기기 제조업,
117670,KQ,알파칩스,반도체 제조업,
314140,KQ,알피바이오,의약품 제조업,
291650,KQ,압타머사이언스,자연과학 및 공학 연구개발업,
293780,KQ,압타바이오,자연과학 및 공학 연구개발업,
018250,KS,애경산업,기타 화학제품 제조업,
161000,KS,애경케미칼,기초 화학물질 제조업,
310200,KQ,애니플러스,"영화, 비디오물, 방송프로그램 제작 및 배급업",
179530,KQ,애드바이오텍,의약품 제조업,
397810,KQ,애드포러스,광고업,
052790,KQ,액토즈소프트,소프트웨어 개발 및 공급업,
290740,KQ,액트로,전자부품 제조업,
238090,KQ,앤디포스,플라스틱제품 제조업,
138360,KQ,앤로보틱스,특수 목적용 기계 제조업,
092600,KQ,앤씨앤,반도체 제조업,
129890,KQ,앱코,컴퓨터 및 주변장치 제조업,
174900,KQ,앱클론,의료용품 및 기타 의약 관련제품 제조업,
109960,KQ,앱토크롬,기타 전문 도매업,
270520,KQ,앱튼,"건축기술, 엔지니어링 및 관련 기술 서비스업",
255440,KQ,야스,특수 목적용 기계 제조업,
030960,KQ,양지사,인쇄 및 인쇄관련 산업,
102120,KQ,어보브반도체,반도체 제조업,
238120,KQ,얼라인드,사진장비 및 광학기기 제조업,
019990,KQ,에너토크,일반 목적용 기계 제조업,
011090,KS,에넥스,가구 제조업,
435570,KQ,에르코스,도시락 및 식사용 조리식품 제조업,
270660,KQ,에브리봇,가정용 기기 제조업,
038680,KQ,에스넷,"컴퓨터 프로그래밍, 시스템 통합 및 관리업",
137310,KS,에스디바이오센서,의료용 기기 제조업,
121890,KQ,에스디시스템,전자부품 제조업,
304360,KQ,에스바이오메딕스,의약품 제조업,
389500,KQ,에스비비테크,일반 목적용 기계 제조업,
042110,KQ,에스씨디,가정용 기기 제조업,
065420,KQ,에스아이리소스,기타 화학제품 제조업,
103230,KQ,에스앤더블류,일반 목적용 기계 제조업,
260970,KQ,에스앤디,기타 식품 제조업,
101490,KQ,에스앤에스텍,전자부품 제조업,
095910,KQ,에스에너지,"전동기, 발전기 및 전기 변환 · 공급 · 제어 장치 제조업",
275630,KQ,에스에스알,소프트웨어 개발 및 공급업,
031330,KQ,에스에이엠티,기계장비 및 관련 물품 도매업,
060540,KQ,에스에이티,"측정, 시험, 항해, 제어 및 기타 정밀기기 제조업; 광학기기 제외",
005850,KS,에스엘,자동차 신품 부품 제조업,
246250,KQ,에스엘에스바이오,"그외 기타 전문, 과학 및 기술 서비스업",
041510,KQ,에스엠,오디오물 출판 및 원판 녹음업,
010580,KS,에스엠벡셀,자동차 신품 부품 제조업,
460870,KQ,에스엠씨지,유리 및 유리제품 제조업,
464080,KQ,에스오에스랩,"측정, 시험, 항해, 제어 및 기타 정밀기기 제조업; 광학기기 제외",
109610,KQ,에스와이,"구조용 금속제품, 탱크 및 증기발생기 제조업",
365330,KQ,에스와이스틸텍,"구조용 금속제품, 탱크 및 증기발생기 제조업",
012750,KS,에스원,"경비, 경호 및 탐정업",
306040,KQ,에스제이그룹,"가죽, 가방 및 유사제품 제조업",
398120,KQ,에스지헬스케어,의료용 기기 제조업,
472230,KQ,에스케이증권제11호스팩,금융 지원 서비스업,
473000,KQ,에스케이증권제12호스팩,금융 지원 서비스업,
473950,KQ,에스케이증권제13호스팩,금융 지원 서비스업,
475660,KQ,에스켐,기타 화학제품 제조업,
096630,KQ,에스코넥,통신 및 방송 장비 제조업,
069510,KQ,에스텍,영상 및 음향기기 제조업,
488280,KQ,에스투더블유,소프트웨어 개발 및 공급업,
234300,KQ,에스트래픽,"컴퓨터 프로그래밍, 시스템 통합 및 관리업",
039440,KQ,에스티아이,특수 목적용 기계 제조업,
098660,KQ,에스티오,봉제의복 제조업,
052020,KQ,에스티큐브,기계장비 및 관련 물품 도매업,
237690,KQ,에스티팜,의약품 제조업,
458350,KQ,에스팀,기타 사업지원 서비스업,
050760,KQ,에스폴리텍,플라스틱제품 제조업,
288620,KQ,에스프리즘,"전동기, 발전기 및 전기 변환 · 공급 · 제어 장치 제조업",
443670,KQ,에스피소프트,"컴퓨터 프로그래밍, 시스템 통합 및 관리업",
317830,KQ,에스피시스템스,특수 목적용 기계 제조업,
058610,KQ,에스피지,"전동기, 발전기 및 전기 변환 · 공급 · 제어 장치 제조업",
043340,KQ,에쎈테크,일반 목적용 기계 제조업,
023960,KS,에쓰씨엔지니어링,토목 건설업,
163280,KQ,에어레인,일반 목적용 기계 제조업,
298690,KS,에어부산,항공 여객 운송업,
200710,KQ,에이디테크놀로지,반도체 제조업,
475580,KQ,에이럭스,그외 기타 제품 제조업,
096690,KQ,에이루트,컴퓨터 및 주변장치 제조업,
078520,KS,에이블씨엔씨,기타 화학제품 제조업,
298380,KQ,에이비엘바이오,기초 의약물질 제조업,
203400,KQ,에이비온,자연과학 및 공학 연구개발업,
003800,KQ,에이스침대,가구 제조업,
088800,KQ,에이스테크,통신 및 방송 장비 제조업,
241840,KQ,에이스토리,"영화, 비디오물, 방송프로그램 제작 및 배급업",
364950,KQ,에이아이코리아,특수 목적용 기계 제조업,
453860,KQ,에이에스텍,기타 화학제품 제조업,
312610,KQ,에이에프더블류,1차 비철금속 제조업,
015260,KS,에이엔피,전자부품 제조업,
172670,KQ,에이엘티,반도체 제조업,
481070,KQ,에이유브랜즈,"섬유, 의복, 신발 및 가죽제품 소매업",
060900,KQ,에이전트AI,전기업,
445090,KQ,에이직랜드,반도체 제조업,
295310,KQ,에이치브이엠,1차 비철금속 제조업,
072990,KQ,에이치시티,기타 과학기술 서비스업,
044990,KQ,에이치엔에스하이텍,전자부품 제조업,
239610,KQ,에이치엘사이언스,기타 식품 제조업,
036170,KQ,에이치엠넥스,반도체 제조업,
477340,KQ,에이치엠씨제7호스팩,금융 지원 서비스업,
148930,KQ,에이치와이티씨,기타 금속 가공제품 제조업,
044780,KQ,에이치케이,특수 목적용 기계 제조업,
357230,KQ,에이치피오,기타 식품 제조업,
355690,KQ,에이텀,전자부품 제조업,
071670,KQ,에이테크솔루션,특수 목적용 기계 제조업,
045660,KQ,에이텍,일반 목적용 기계 제조업,
224110,KQ,에이텍모빌리티,통신 및 방송 장비 제조업,
021080,KQ,에이티넘인베스트,신탁업 및 집합투자업,
200470,KQ,에이팩트,반도체 제조업,
262260,KQ,에이프로,기타 전기장비 제조업,
007460,KS,에이프로젠,의약품 제조업,
003060,KS,에이프로젠바이오로직스,의약품 제조업,
397030,KQ,에이프릴바이오,자연과학 및 공학 연구개발업,
244920,KS,에이플러스에셋,보험 및 연금관련 서비스업,
278470,KS,에이피알,기타 화학제품 제조업,
230240,KQ,에치에프알,통신 및 방송 장비 제조업,
159910,KQ,에코글로우,기타 화학제품 제조업,
097780,KQ,에코볼트,자동차 신품 부품 제조업,
038870,KQ,에코심플렉스,사업시설 유지·관리 서비스업,
448280,KQ,에코아이,기타 전문 서비스업,
101360,KQ,에코앤드림,일차전지 및 이차전지 제조업,
128540,KQ,에코캡,자동차 신품 부품 제조업,
086520,KQ,에코프로,기타 금융업,
450080,KS,에코프로머티,일차전지 및 이차전지 제조업,
247540,KQ,에코프로비엠,일차전지 및 이차전지 제조업,
383310,KQ,에코프로에이치엔,기타 화학제품 제조업,
038110,KQ,에코플라스틱,자동차 신품 부품 제조업,
073540,KQ,에프알텍,통신 및 방송 장비 제조업,
064850,KQ,에프앤가이드,기타 정보 서비스업,
036810,KQ,에프에스티,전자부품 제조업,
173940,KQ,에프엔씨엔터,창작 및 예술관련 서비스업,
083500,KQ,에프엔에스테크,특수 목적용 기계 제조업,
317530,KQ,에피소드컴퍼니,"영화, 비디오물, 방송프로그램 제작 및 배급업",
054940,KQ,엑사이엔씨,실내건축 및 건축마무리 공사업,
950130,KQ,엑세스바이오,의료용품 및 기타 의약 관련제품 제조업,
373110,KQ,엑셀세라퓨틱스,기초 의약물질 제조업,
205100,KQ,엑셈,소프트웨어 개발 및 공급업,
356680,KQ,엑스게이트,소프트웨어 개발 및 공급업,
070300,KQ,엑스큐어,소프트웨어 개발 및 공급업,
317770,KQ,엑스페릭스,전자부품 제조업,
373200,KQ,엑스플러스,그외 기타 제품 제조업,
069920,KQ,엑시온그룹,무점포 소매업,
092870,KQ,엑시콘,특수 목적용 기계 제조업,
019490,KS,엑시큐어하이트론,영상 및 음향기기 제조업,
317870,KQ,엔바이오니아,그외 기타 제품 제조업,
067570,KQ,엔브이에이치코리아,자동차 신품 부품 제조업,
236810,KQ,엔비티,광고업,
333620,KQ,엔시스,기타 전기장비 제조업,
101400,KQ,엔시트론,반도체 제조업,
475230,KQ,엔알비,기타 금속 가공제품 제조업,
481890,KQ,엔에이치스팩31호,금융 지원 서비스업,
265740,KQ,엔에프씨,기타 화학제품 제조업,
354200,KQ,엔젠바이오,"그외 기타 전문, 과학 및 기술 서비스업",
455900,KQ,엔젤로보틱스,특수 목적용 기계 제조업,
419080,KQ,엔젯,특수 목적용 기계 제조업,
183490,KQ,엔지켐생명과학,기초 의약물질 제조업,
085310,KS,엔케이,"구조용 금속제품, 탱크 및 증기발생기 제조업",
348370,KQ,엔켐,기초 화학물질 제조업,
069410,KQ,엔텔스,소프트웨어 개발 및 공급업,
227950,KQ,엔투텍,특수 목적용 기계 제조업,
291230,KQ,엔피,기타 사업지원 서비스업,
048830,KQ,엔피케이,합성고무 및 플라스틱 물질 제조업,
096870,KQ,엘디티,반도체 제조업,
900140,KS,엘브이엠씨홀딩스,자동차 판매업,
290650,KQ,엘앤씨바이오,의약품 제조업,
066970,KS,엘앤에프,일차전지 및 이차전지 제조업,
156100,KQ,엘앤케이바이오,의료용 기기 제조업,
073110,KQ,엘엠에스,전자부품 제조업,
083310,KQ,엘오티베큠,특수 목적용 기계 제조업,
037950,KQ,엘컴텍,전자부품 제조업,
489500,KQ,엘케이켐,기타 화학제품 제조업,
170920,KQ,엘티씨,기초 화학물질 제조업,
058630,KQ,엠게임,소프트웨어 개발 및 공급업,
226590,KQ,엠디바이스,전자부품 제조업,
058970,KQ,엠로,소프트웨어 개발 및 공급업,
169330,KQ,엠브레인,시장조사 및 여론조사업,
097520,KS,엠씨넥스,영상 및 음향기기 제조업,
373170,KQ,엠아이큐브솔루션,소프트웨어 개발 및 공급업,
179290,KQ,엠아이텍,의료용 기기 제조업,
484870,KS,엠앤씨솔루션,특수 목적용 기계 제조업,
009780,KQ,엠에스씨,기타 식품 제조업,
123040,KQ,엠에스오토텍,자동차 신품 부품 제조업,
007820,KQ,엠엑스로보틱스,일반 목적용 기계 제조업,
347890,KQ,엠엑스온,"측정, 시험, 항해, 제어 및 기타 정밀기기 제조업; 광학기기 제외",
413390,KQ,엠오티,특수 목적용 기계 제조업,
032790,KQ,엠젠솔루션,기계장비 및 관련 물품 도매업,
033160,KQ,엠케이전자,전자부품 제조업,
033310,KQ,엠투엔,전자부품 제조업,
259630,KQ,엠플러스,특수 목적용 기계 제조업,
105550,KQ,엣지파운드리,전자부품 제조업,
060850,KQ,영림원소프트랩,소프트웨어 개발 및 공급업,
014440,KS,영보화학,플라스틱제품 제조업,
143540,KQ,영우디에스피,특수 목적용 기계 제조업,
111770,KS,영원무역,상품 종합 도매업,
009970,KS,영원무역홀딩스,기타 금융업,
003520,KS,영진약품,의약품 제조업,
000670,KS,영풍,1차 비철금속 제조업,
012280,KS,영화금속,자동차 신품 부품 제조업,
265560,KQ,영화테크,자동차 신품 부품 제조업,
012160,KS,영흥,1차 철강 제조업,
036000,KQ,예림당,"서적, 잡지 및 기타 인쇄물 출판업",
250930,KQ,예선테크,플라스틱제품 제조업,
053280,KQ,예스24,무점포 소매업,
122640,KQ,예스티,특수 목적용 기계 제조업,
476040,KQ,오가노이드사이언스,자연과학 및 공학 연구개발업,
900300,KQ,오가닉티코스메틱,기타 금융업,
045060,KQ,오공,기타 화학제품 제조업,
192410,KQ,오늘이엔엠,통신 및 방송 장비 제조업,
080520,KQ,오디텍,반도체 제조업,
007310,KS,오뚜기,기타 식품 제조업,
039830,KQ,오로라,전문디자인업,
322310,KQ,오로스테크놀로지,특수 목적용 기계 제조업,
046120,KQ,오르비텍,기타 과학기술 서비스업,
475830,KQ,오름테라퓨틱,기초 의약물질 제조업,
014940,KQ,오리엔탈정공,일반 목적용 기계 제조업,
002630,KS,오리엔트바이오,의약품 제조업,
065500,KQ,오리엔트정공,자동차 신품 부품 제조업,
271560,KS,오리온,기타 식품 제조업,
001800,KS,오리온홀딩스,기타 금융업,
010470,KQ,오리콤,광고업,
417860,KQ,오브젠,소프트웨어 개발 및 공급업,
352910,KQ,오비고,"컴퓨터 프로그래밍, 시스템 통합 및 관리업",
053980,KQ,오상자이엘,소프트웨어 개발 및 공급업,
036220,KQ,오상헬스케어,의료용 기기 제조업,
052420,KQ,오성첨단소재,플라스틱제품 제조업,
052300,KQ,오션인더블유,상품 종합 도매업,
039200,KQ,오스코텍,의약품 제조업,
226400,KQ,오스테오닉,의료용 기기 제조업,
031510,KQ,오스템,자동차 신품 부품 제조업,
342870,KQ,오아,가전제품 및 정보통신장비 소매업,
368970,KQ,오에스피,동물용 사료 및 조제식품 제조업,
138080,KQ,오이솔루션,통신 및 방송 장비 제조업,
080580,KQ,오킨스전자,전자부품 제조업,
067170,KQ,오텍,자동차 재제조 부품 제조업,
353590,KQ,오토앤,자동차 부품 및 내장품 판매업,
173130,KQ,오파스넷,"컴퓨터 프로그래밍, 시스템 통합 및 관리업",
440320,KQ,오픈놀,소프트웨어 개발 및 공급업,
049480,KQ,오픈베이스,"컴퓨터 프로그래밍, 시스템 통합 및 관리업",
394280,KQ,오픈엣지테크놀로지,소프트웨어 개발 및 공급업,
476060,KQ,온코닉테라퓨틱스,자연과학 및 공학 연구개발업,
382150,KQ,온코크로스,자연과학 및 공학 연구개발업,
005320,KS,온타이드,생활용품 도매업,
244460,KQ,올리패스,기초 의약물질 제조업,
226950,KQ,올릭스,자연과학 및 공학 연구개발업,
057540,KQ,옴니시스템,"측정, 시험, 항해, 제어 및 기타 정밀기기 제조업; 광학기기 제외",
131030,KQ,옵투스제약,의약품 제조업,
082210,KQ,옵트론텍,사진장비 및 광학기기 제조업,
109080,KQ,옵티시스,통신 및 방송 장비 제조업,
380540,KQ,옵티코어,마그네틱 및 광학 매체 제조업,
153710,KQ,옵티팜,의료용품 및 기타 의약 관련제품 제조업,
432430,KQ,와이랩,"영화, 비디오물, 방송프로그램 제작 및 배급업",
338840,KQ,와이바이오로직스,자연과학 및 공학 연구개발업,
122990,KQ,와이솔,전자부품 제조업,
232140,KQ,와이씨,특수 목적용 기계 제조업,
112290,KQ,와이씨켐,기타 화학제품 제조업,
065530,KQ,와이어블,전기 통신업,
067900,KQ,와이엔텍,폐기물 처리업,
007530,KQ,와이엠,기타 금속 가공제품 제조업,
155650,KQ,와이엠씨,전자부품 제조업,
273640,KQ,와이엠텍,"전동기, 발전기 및 전기 변환 · 공급 · 제어 장치 제조업",
251370,KQ,와이엠티,기초 화학물질 제조업,
209640,KQ,와이제이링크,특수 목적용 기계 제조업,
096250,KQ,와이즈넛,소프트웨어 개발 및 공급업,
273060,KQ,와이즈버즈,광고업,
019210,KQ,와이지-원,기타 금속 가공제품 제조업,
122870,KQ,와이지엔터테인먼트,오디오물 출판 및 원판 녹음업,
011690,KS,와이투솔루션,반도체 제조업,
079000,KQ,와토스코리아,플라스틱제품 제조업,
403490,KQ,우듬지팜,"과실, 채소 가공 및 저장 처리업",
316140,KS,우리금융지주,기타 금융업,
032820,KQ,우리기술,"전동기, 발전기 및 전기 변환 · 공급 · 제어 장치 제조업",
041190,KQ,우리기술투자,기타 금융업,
115440,KQ,우리넷,통신 및 방송 장비 제조업,
046970,KQ,우리로,기타 전문 도매업,
082850,KQ,우리바이오,기타 식품 제조업,
215360,KQ,우리산업,자동차 신품 부품 제조업,
072470,KQ,우리산업홀딩스,자동차 신품 부품 제조업,
073560,KQ,우리손에프앤지,"도축, 육류 가공 및 저장 처리업",
037400,KQ,우리엔터프라이즈,상품 종합 도매업,
153490,KQ,우리이앤엘하루틴,반도체 제조업,
101170,KQ,우림피티에스,일반 목적용 기계 제조업,
006980,KS,우성,"곡물가공품, 전분 및 전분제품 제조업",
011300,KS,우성머티리얼스,직물직조 및 직물제품 제조업,
017370,KS,우신시스템,특수 목적용 기계 제조업,
103840,KQ,우양,"과실, 채소 가공 및 저장 처리업",
101970,KQ,우양에이치씨,"구조용 금속제품, 탱크 및 증기발생기 제조업",
046940,KQ,우원개발,기반조성 및 시설물 축조관련 전문공사업,
215380,KQ,우정바이오,자연과학 및 공학 연구개발업,
065680,KQ,우주일렉트로,전자부품 제조업,
105840,KS,우진,"측정, 시험, 항해, 제어 및 기타 정밀기기 제조업; 광학기기 제외",
018620,KQ,우진비앤지,의약품 제조업,
010400,KS,우진아이엔에스,건물설비 설치 공사업,
457550,KQ,우진엔텍,"그외 기타 전문, 과학 및 기술 서비스업",
049800,KS,우진플라임,특수 목적용 기계 제조업,
016880,KS,웅진,기타 금융업,
095720,KS,웅진씽크빅,초등 교육기관,
396470,KQ,워트,특수 목적용 기계 제조업,
005820,KS,원림,직물직조 및 직물제품 제조업,
307280,KQ,원바이오젠,의료용품 및 기타 의약 관련제품 제조업,
032940,KQ,원익,기계장비 및 관련 물품 도매업,
240810,KQ,원익IPS,특수 목적용 기계 제조업,
074600,KQ,원익QnC,유리 및 유리제품 제조업,
104830,KQ,원익머트리얼즈,기초 화학물질 제조업,
014190,KQ,원익큐브,기타 전문 도매업,
217820,KQ,원익피앤이,특수 목적용 기계 제조업,
030530,KQ,원익홀딩스,기초 화학물질 제조업,
012620,KQ,원일특강,1차 철강 제조업,
136150,KQ,원일티엔아이,일반 목적용 기계 제조업,
382840,KQ,원준,특수 목적용 기계 제조업,
336570,KQ,원텍,의료용 기기 제조업,
376980,KQ,원티드랩,소프트웨어 개발 및 공급업,
008370,KQ,원풍,플라스틱제품 제조업,
008290,KQ,원풍물산,봉제의복 제조업,
101160,KQ,월덱스,전자부품 제조업,
336060,KQ,웨이버스,소프트웨어 개발 및 공급업,
095270,KQ,웨이브일렉트로,"측정, 시험, 항해, 제어 및 기타 정밀기기 제조업; 광학기기 제외",
289930,KQ,웨이비스,반도체 제조업,
065950,KQ,웰크론,직물직조 및 직물제품 제조업,
076080,KQ,웰크론한텍,건물 건설업,
043590,KQ,웰킵스하이텍,반도체 제조업,
196700,KQ,웹스,합성고무 및 플라스틱 물질 제조업,
069080,KQ,웹젠,소프트웨어 개발 및 공급업,
053580,KQ,웹케시,소프트웨어 개발 및 공급업,
479960,KQ,위너스일렉,기타 전기장비 제조업,
044340,KQ,위닉스,가정용 기기 제조업,
330350,KQ,위더스제약,의약품 제조업,
348350,KQ,위드텍,"측정, 시험, 항해, 제어 및 기타 정밀기기 제조업; 광학기기 제외",
112040,KQ,위메이드,소프트웨어 개발 및 공급업,
101730,KQ,위메이드맥스,소프트웨어 개발 및 공급업,
123420,KQ,위메이드플레이,소프트웨어 개발 및 공급업,
065370,KQ,위세아이텍,소프트웨어 개발 및 공급업,
038620,KQ,위즈코프,연료 소매업,
299900,KQ,위지윅스튜디오,"영화, 비디오물, 방송프로그램 제작 및 배급업",
036090,KQ,위지트,특수 목적용 기계 제조업,
459100,KQ,위츠,전자부품 제조업,
136540,KQ,윈스테크넷,"컴퓨터 프로그래밍, 시스템 통합 및 관리업",
097800,KQ,윈팩,반도체 제조업,
192390,KQ,윈하이텍,"구조용 금속제품, 탱크 및 증기발생기 제조업",
008600,KS,윌비스,생활용품 도매업,
335870,KQ,윙스풋,"섬유, 의복, 신발 및 가죽제품 소매업",
900340,KQ,윙입푸드,기타 금융업,
033270,KS,유나이티드제약,의약품 제조업,
014830,KS,유니드,기초 화학물질 제조업,
036200,KQ,유니셈,특수 목적용 기계 제조업,
018000,KQ,유니슨,일반 목적용 기계 제조업,
000910,KS,유니온,"시멘트, 석회, 플라스터 및 그 제품 제조업",
047400,KS,유니온머티리얼,"내화, 비내화 요업제품 제조업",
203450,KQ,유니온바이오메트릭스,통신 및 방송 장비 제조업,
011330,KS,유니켐,자동차 신품 부품 제조업,
077500,KS,유니퀘스트,기계장비 및 관련 물품 도매업,
011320,KQ,유니크,자동차 신품 부품 제조업,
086390,KQ,유니테스트,특수 목적용 기계 제조업,
241690,KQ,유니테크노,자동차 신품 부품 제조업,
142210,KQ,유니트론텍,자동차 부품 및 내장품 판매업,
389680,KQ,유디엠텍,소프트웨어 개발 및 공급업,
088340,KQ,유라클,소프트웨어 개발 및 공급업,
048430,KQ,유라테크,"전동기, 발전기 및 전기 변환 · 공급 · 제어 장치 제조업",
206650,KQ,유바이오로직스,의약품 제조업,
089850,KQ,유비벨록스,소프트웨어 개발 및 공급업,
084440,KQ,유비온,소프트웨어 개발 및 공급업,
264450,KQ,유비쿼스,통신 및 방송 장비 제조업,
078070,KQ,유비쿼스홀딩스,기타 금융업,
002920,KS,유성기업,자동차 신품 부품 제조업,
024800,KQ,유성티엔에스,육상 여객 운송업,
000700,KS,유수홀딩스,회사 본부 및 경영 컨설팅 서비스업,
054930,KQ,유신,"건축기술, 엔지니어링 및 관련 기술 서비스업",
069330,KQ,유아이디,전자부품 제조업,
049520,KQ,유아이엘,전자부품 제조업,
473050,KQ,유안타제15호스팩,금융 지원 서비스업,
474490,KQ,유안타제16호스팩,금융 지원 서비스업,
493790,KQ,유안타제17호스팩,금융 지원 서비스업,
003470,KS,유안타증권,금융 지원 서비스업,
003475,KS,유안타증권우,,
263770,KQ,유에스티,1차 철강 제조업,
072130,KS,유엔젤,"자료처리, 호스팅, 포털 및 기타 인터넷 정보매개 서비스업",
000220,KS,유유제약,의약품 제조업,
388720,KQ,유일로보틱스,특수 목적용 기계 제조업,
023410,KQ,유진기업,"시멘트, 석회, 플라스터 및 그 제품 제조업",
056080,KQ,유진로봇,특수 목적용 기계 제조업,
468760,KQ,유진스팩10호,금융 지원 서비스업,
488060,KQ,유진스팩11호,금융 지원 서비스업,
084370,KQ,유진테크,특수 목적용 기계 제조업,
240600,KQ,유진테크놀로지,기타 금속 가공제품 제조업,
001200,KS,유진투자증권,금융 지원 서비스업,
179900,KQ,유티아이,전자부품 제조업,
263050,KQ,유틸렉스,기초 의약물질 제조업,
000100,KS,유한양행,의약품 제조업,
000105,KS,유한양행우,,
003460,KS,유화증권,금융 지원 서비스업,
003465,KS,유화증권우,,
191410,KQ,육일씨엔에쓰,전자부품 제조업,
372170,KQ,윤성에프앤씨,특수 목적용 기계 제조업,
146060,KQ,율촌,1차 철강 제조업,
008730,KS,율촌화학,플라스틱제품 제조업,
008250,KS,이건산업,나무제품 제조업,
039020,KQ,이건홀딩스,제재 및 목재 가공업,
025820,KS,이구산업,1차 비철금속 제조업,
067920,KQ,이글루,기타 정보 서비스업,
044960,KQ,이글벳,기타 전문 도매업,
303530,KQ,이노뎁,소프트웨어 개발 및 공급업,
302430,KQ,이노메트리,특수 목적용 기계 제조업,
214320,KS,이노션,광고업,
462350,KQ,이노스페이스,"항공기,우주선 및 부품 제조업",
274400,KQ,이노시뮬레이션,소프트웨어 개발 및 공급업,
296640,KQ,이노에이엑스,소프트웨어 개발 및 공급업,
215790,KQ,이노인스트루먼트,통신 및 방송 장비 제조업,
344860,KQ,이노진,기타 화학제품 제조업,
333050,KQ,이노테나,소프트웨어 개발 및 공급업,
469610,KQ,이노테크,특수 목적용 기계 제조업,
088390,KQ,이녹스,그외 기타 운송장비 제조업,
272290,KQ,이녹스첨단소재,전자부품 제조업,
053350,KQ,이니텍,소프트웨어 개발 및 공급업,
452400,KQ,이닉스,자동차 신품 부품 제조업,
264850,KQ,이랜시스,전자부품 제조업,
054210,KQ,이랜텍,전자부품 제조업,
009730,KQ,이렘,1차 철강 제조업,
065440,KQ,이루온,소프트웨어 개발 및 공급업,
088260,KS,이리츠코크렙,부동산 임대 및 공급업,
139480,KS,이마트,종합 소매업,
424870,KQ,이뮨온시아,자연과학 및 공학 연구개발업,
115610,KQ,이미지스,반도체 제조업,
478110,KQ,이베스트스팩6호,금융 지원 서비스업,
131400,KQ,이브이첨단소재,전자부품 제조업,
351330,KQ,이삭엔지니어링,"컴퓨터 프로그래밍, 시스템 통합 및 관리업",
080010,KQ,이상네트웍스,상품 중개업,
457190,KS,이수스페셜티케미컬,기초 화학물질 제조업,
086890,KQ,이수앱지스,의료용품 및 기타 의약 관련제품 제조업,
007660,KS,이수페타시스,전자부품 제조업,
005950,KS,이수화학,기초 화학물질 제조업,
015020,KS,이스타코,부동산 임대 및 공급업,
047560,KQ,이스트소프트,소프트웨어 개발 및 공급업,
239340,KQ,이스트에이드,"자료처리, 호스팅, 포털 및 기타 인터넷 정보매개 서비스업",
067010,KQ,이씨에스,"컴퓨터 프로그래밍, 시스템 통합 및 관리업",
456070,KQ,이엔셀,기초 의약물질 제조업,
102710,KQ,이엔에프테크놀로지,기타 화학제품 제조업,
074610,KS,이엔플러스,일반 목적용 기계 제조업,
041520,KQ,이엘씨,"측정, 시험, 항해, 제어 및 기타 정밀기기 제조업; 광학기기 제외",
063760,KQ,이엘피,"측정, 시험, 항해, 제어 및 기타 정밀기기 제조업; 광학기기 제외",
123570,KQ,이엠넷,광고업,
083470,KQ,이엠앤아이,기초 화학물질 제조업,
091120,KQ,이엠텍,전자부품 제조업,
102460,KS,이연제약,의약품 제조업,
039030,KQ,이오테크닉스,특수 목적용 기계 제조업,
294090,KQ,이오플로우,의료용 기기 제조업,
088290,KQ,이원컴포텍,자동차 신품 부품 제조업,
084680,KS,이월드,귀금속 및 장신용품 제조업,
353810,KQ,이지바이오,동물용 사료 및 조제식품 제조업,
261520,KQ,이지스,소프트웨어 개발 및 공급업,
350520,KS,이지스레지던스리츠,부동산 임대 및 공급업,
334890,KS,이지스밸류플러스리츠,부동산 임대 및 공급업,
099750,KQ,이지케어텍,소프트웨어 개발 및 공급업,
377330,KQ,이지트로닉스,"전동기, 발전기 및 전기 변환 · 공급 · 제어 장치 제조업",
035810,KQ,이지홀딩스,동물용 사료 및 조제식품 제조업,
092130,KQ,이크레더블,기타 정보 서비스업,
134060,KQ,이퓨쳐,"서적, 잡지 및 기타 인쇄물 출판업",
001840,KQ,이화공영,건물 건설업,
000760,KS,이화산업,기타 전문 도매업,
014990,KS,인디에프,봉제의복 제조업,
041830,KQ,인바디,의료용 기기 제조업,
352940,KQ,인바이오,"비료, 농약 및 살균, 살충제 제조업",
101140,KS,인바이오젠,기계장비 및 관련 물품 도매업,
079950,KQ,인베니아,특수 목적용 기계 제조업,
389470,KQ,인벤티지랩,자연과학 및 공학 연구개발업,
277410,KQ,인산가,기타 식품 제조업,
060150,KQ,인선이엔티,폐기물 처리업,
033230,KQ,인성정보,"컴퓨터 프로그래밍, 시스템 통합 및 관리업",
450520,KQ,인스웨이브,소프트웨어 개발 및 공급업,
465480,KQ,인스피언,소프트웨어 개발 및 공급업,
037330,KQ,인지디스플레,전자부품 제조업,
100030,KQ,인지소프트,소프트웨어 개발 및 공급업,
023800,KS,인지컨트롤스,자동차 신품 부품 제조업,
034590,KS,인천도시가스,연료용 가스 제조 및 배관공급업,
211050,KQ,인카금융서비스,보험 및 연금관련 서비스업,
083640,KQ,인콘,상품 종합 도매업,
064090,KQ,인크레더블버즈,상품 종합 도매업,
216050,KQ,인크로스,광고업,
049070,KQ,인탑스,통신 및 방송 장비 제조업,
119610,KQ,인터로조,의료용 기기 제조업,
017250,KQ,인터엠,영상 및 음향기기 제조업,
129260,KS,인터지스,도로 화물 운송업,
051370,KQ,인터플렉스,전자부품 제조업,
064290,KQ,인텍플러스,특수 목적용 기계 제조업,
189300,KQ,인텔리안테크,통신 및 방송 장비 제조업,
287840,KQ,인투셀,자연과학 및 공학 연구개발업,
048530,KQ,인트론바이오,기초 의약물질 제조업,
070590,KQ,인티큐브,"컴퓨터 프로그래밍, 시스템 통합 및 관리업",
023810,KS,인팩,자동차 신품 부품 제조업,
115310,KQ,인포바인,전기 통신업,
039290,KQ,인포뱅크,기타 정보 서비스업,
071200,KQ,인피니트헬스케어,소프트웨어 개발 및 공급업,
101930,KQ,인화정공,선박 및 보트 건조업,
249420,KS,일동제약,의약품 제조업,
000230,KS,일동홀딩스,의약품 제조업,
013360,KS,일성건설,토목 건설업,
003120,KS,일성아이에스,의약품 제조업,
333430,KQ,일승,선박 및 보트 건조업,
068330,KQ,일신바이오,일반 목적용 기계 제조업,
003200,KS,일신방직,방적 및 가공사 제조업,
007110,KS,일신석재,"건축자재, 철물 및 난방장치 도매업",
007570,KS,일양약품,의약품 제조업,
178780,KQ,일월지엠엘,상품 종합 도매업,
019540,KQ,일지테크,자동차 신품 부품 제조업,
081000,KS,일진다이아,기타 화학제품 제조업,
020760,KS,일진디스플,반도체 제조업,
103590,KS,일진전기,절연선 및 케이블 제조업,
094820,KQ,일진파워,전기 및 통신 공사업,
271940,KS,일진하이솔루스,그외 기타 운송장비 제조업,
015860,KS,일진홀딩스,기타 금융업,
226320,KS,잇츠한불,기타 화학제품 제조업,
950140,KQ,잉글우드랩,기타 화학제품 제조업,
049550,KQ,잉크테크,기타 화학제품 제조업,
389020,KQ,자람테크놀로지,반도체 제조업,
254120,KQ,자비스,특수 목적용 기계 제조업,
043910,KQ,자연과환경,"시멘트, 석회, 플라스터 및 그 제품 제조업",
234920,KQ,자이글,가정용 기기 제조업,
289220,KQ,자이언트스텝,"영화, 비디오물, 방송프로그램 제작 및 배급업",
317400,KS,자이에스앤디,부동산 임대 및 공급업,
033240,KS,자화전자,전자부품 제조업,
049630,KQ,재영솔루텍,사진장비 및 광학기기 제조업,
417840,KQ,저스템,특수 목적용 기계 제조업,
000950,KS,전방,방적 및 가공사 제조업,
079900,KS,전진건설로봇,특수 목적용 기계 제조업,
110020,KQ,전진바이오팜,기타 화학제품 제조업,
208140,KQ,정다운,"도축, 육류 가공 및 저장 처리업",
040420,KQ,정상제이엘에스,일반 교습 학원,
045510,KQ,정원엔시스,기계장비 및 관련 물품 도매업,
217190,KQ,제너셈,특수 목적용 기계 제조업,
095700,KQ,제넥신,자연과학 및 공학 연구개발업,
122310,KQ,제노레이,의료용 기기 제조업,
361390,KQ,제노코,통신 및 방송 장비 제조업,
225220,KQ,제놀루션,기초 의약물질 제조업,
123330,KQ,제닉,기타 화학제품 제조업,
381620,KQ,제닉스로보틱스,특수 목적용 기계 제조업,
159580,KQ,제로투세븐,생활용품 도매업,
147830,KQ,제룡산업,"구조용 금속제품, 탱크 및 증기발생기 제조업",
033100,KQ,제룡전기,"전동기, 발전기 및 전기 변환 · 공급 · 제어 장치 제조업",
079370,KQ,제우스,특수 목적용 기계 제조업,
054950,KQ,제이브이엠,일반 목적용 기계 제조업,
090470,KQ,제이스로보틱스,특수 목적용 기계 제조업,
023440,KQ,제이스코홀딩스,1차 철강 제조업,
137950,KQ,제이씨케미칼,기타 화학제품 제조업,
033320,KQ,제이씨현시스템,기계장비 및 관련 물품 도매업,
417500,KQ,제이아이테크,기타 화학제품 제조업,
348950,KS,제이알글로벌리츠,부동산 임대 및 공급업,
204270,KQ,제이앤티씨,전자부품 제조업,
127120,KQ,제이에스링크,자연과학 및 공학 연구개발업,
194370,KS,제이에스코퍼레이션,"가죽, 가방 및 유사제품 제조업",
026040,KQ,제이에스티나,귀금속 및 장신용품 제조업,
452160,KQ,제이엔비,특수 목적용 기계 제조업,
126880,KQ,제이엔케이글로벌,일반 목적용 기계 제조업,
322510,KQ,제이엘케이,소프트웨어 개발 및 공급업,
033050,KQ,제이엠아이,기타 화학제품 제조업,
094970,KQ,제이엠티,전자부품 제조업,
418550,KQ,제이오,"건축기술, 엔지니어링 및 관련 기술 서비스업",
060230,KQ,제이케이시냅스,기타 화학제품 제조업,
420570,KQ,제이투케이바이오,기타 화학제품 제조업,
089790,KQ,제이티,특수 목적용 기계 제조업,
030000,KS,제일기획,광고업,
271980,KS,제일약품,의약품 제조업,
412540,KQ,제일엠앤에스,특수 목적용 기계 제조업,
001560,KS,제일연마,기타 비금속 광물제품 제조업,
199820,KQ,제일일렉트릭,"전동기, 발전기 및 전기 변환 · 공급 · 제어 장치 제조업",
038010,KQ,제일테크노스,"구조용 금속제품, 탱크 및 증기발생기 제조업",
002620,KS,제일파마홀딩스,회사 본부 및 경영 컨설팅 서비스업,
080220,KQ,제주반도체,반도체 제조업,
006220,KS,제주은행,은행 및 저축기관,
089590,KS,제주항공,항공 여객 운송업,
216080,KQ,제테마,의료용품 및 기타 의약 관련제품 제조업,
337930,KQ,젝시믹스,기타 정보 서비스업,
229000,KQ,젠큐릭스,의료용품 및 기타 의약 관련제품 제조업,
082270,KQ,젬백스,특수 목적용 기계 제조업,
153890,KQ,져스텍,"전동기, 발전기 및 전기 변환 · 공급 · 제어 장치 제조업",
004910,KS,조광페인트,기타 화학제품 제조업,
004700,KS,조광피혁,"가죽, 가방 및 유사제품 제조업",
001550,KS,조비,"비료, 농약 및 살균, 살충제 제조업",
462520,KS,조선내화,"내화, 비내화 요업제품 제조업",
120030,KS,조선선재,기타 금속 가공제품 제조업,
034940,KQ,조아제약,의약품 제조업,
067000,KQ,조이시티,소프트웨어 개발 및 공급업,
309930,KQ,조이웍스앤코,기타 생활용품 소매업,
018470,KS,조일알미늄,1차 비철금속 제조업,
002600,KS,조흥,기타 식품 제조업,
018700,KQ,졸스,생활용품 도매업,
185750,KS,종근당,의약품 제조업,
063160,KS,종근당바이오,의약품 제조업,
001630,KS,종근당홀딩스,의약품 제조업,
033340,KQ,좋은사람들,봉제의복 제조업,
036930,KQ,주성엔지니어링,특수 목적용 기계 제조업,
109070,KS,주성코퍼레이션,통신 및 방송 장비 제조업,
044380,KS,주연테크,컴퓨터 및 주변장치 제조업,
072020,KQ,중앙백신,기초 의약물질 제조업,
000440,KQ,중앙에너비스,기타 전문 도매업,
051980,KQ,중앙첨단소재,통신 및 방송 장비 제조업,
221800,KQ,지구홀딩스,기타 과학기술 서비스업,
228760,KQ,지노믹트리,자연과학 및 공학 연구개발업,
314130,KQ,지놈앤컴퍼니,기초 의약물질 제조업,
013890,KS,지누스,가구 제조업,
389030,KQ,지니너스,자연과학 및 공학 연구개발업,
263860,KQ,지니언스,소프트웨어 개발 및 공급업,
303030,KQ,지니틱스,반도체 제조업,
208350,KQ,지란지교시큐리티,소프트웨어 개발 및 공급업,
446840,KQ,지슨,"측정, 시험, 항해, 제어 및 기타 정밀기기 제조업; 광학기기 제외",
144510,KQ,지씨셀,"그외 기타 전문, 과학 및 기술 서비스업",
340450,KQ,지씨지놈,"그외 기타 전문, 과학 및 기술 서비스업",
306620,KQ,지아이에스,특수 목적용 기계 제조업,
358570,KQ,지아이이노베이션,자연과학 및 공학 연구개발업,
382480,KQ,지아이텍,특수 목적용 기계 제조업,
382800,KQ,지앤비에스 에코,특수 목적용 기계 제조업,
051160,KQ,지어소프트,소프트웨어 개발 및 공급업,
053050,KQ,지에스이,연료용 가스 제조 및 배관공급업,
388610,KQ,지에프씨생명과학,기타 화학제품 제조업,
493330,KQ,지에프아이,일반 목적용 기계 제조업,
119850,KQ,지엔씨에너지,"전동기, 발전기 및 전기 변환 · 공급 · 제어 장치 제조업",
065060,KQ,지엔코,봉제의복 제조업,
204840,KQ,지엘팜텍,생활용품 도매업,
013870,KS,지엠비코리아,자동차 신품 부품 제조업,
071320,KS,지역난방공사,"증기, 냉·온수 및 공기조절 공급업",
311320,KQ,지오엘리먼트,전자부품 제조업,
456160,KQ,지투지바이오,의약품 제조업,
388050,KQ,지투파워,"전동기, 발전기 및 전기 변환 · 공급 · 제어 장치 제조업",
088790,KS,진도,기타 전문 도매업,
018120,KQ,진로발효,알코올음료 제조업,
109820,KQ,진매트릭스,자연과학 및 공학 연구개발업,
086060,KQ,진바이오텍,산업용 농·축산물 및 동·식물 도매업,
036890,KQ,진성티이씨,특수 목적용 기계 제조업,
363250,KQ,진시스템,의료용 기기 제조업,
003780,KS,진양산업,플라스틱제품 제조업,
007370,KQ,진양제약,의약품 제조업,
010640,KS,진양폴리,플라스틱제품 제조업,
100250,KS,진양홀딩스,플라스틱제품 제조업,
051630,KS,진양화학,플라스틱제품 제조업,
272450,KS,진에어,항공 여객 운송업,
285800,KQ,진영,플라스틱제품 제조업,
011000,KS,진원생명과학,의약품 제조업,
002780,KS,진흥기업,토목 건설업,
002787,KS,진흥기업2우B,,
002785,KS,진흥기업우B,,
025620,KS,차AI헬스케어,기타 화학제품 제조업,
085660,KQ,차바이오텍,기초 의약물질 제조업,
351870,KQ,차이커뮤니케이션,광고업,
009310,KS,참엔지니어링,특수 목적용 기계 제조업,
094850,KQ,참좋은여행,여행사 및 기타 여행보조 서비스업,
004650,KQ,창해에탄올,알코올음료 제조업,
278280,KQ,천보,기초 화학물질 제조업,
000650,KS,천일고속,육상 여객 운송업,
362320,KQ,청담글로벌,생활용품 도매업,
013720,KQ,청보,자동차 신품 부품 제조업,
066360,KQ,체리부로,"도축, 육류 가공 및 저장 처리업",
033250,KS,체시스,자동차 신품 부품 제조업,
047820,KQ,초록뱀미디어,"영화, 비디오물, 방송프로그램 제작 및 배급업",
094360,KQ,칩스앤미디어,반도체 제조업,
016920,KQ,카스,기계장비 및 관련 물품 도매업,
284620,KQ,카이노스메드,자연과학 및 공학 연구개발업,
035720,KS,카카오,"자료처리, 호스팅, 포털 및 기타 인터넷 정보매개 서비스업",
293490,KQ,카카오게임즈,소프트웨어 개발 및 공급업,
323410,KS,카카오뱅크,은행 및 저축기관,
377300,KS,카카오페이,금융 지원 서비스업,
140430,KQ,카티스,"컴퓨터 프로그래밍, 시스템 통합 및 관리업",
042000,KQ,카페24,"자료처리, 호스팅, 포털 및 기타 인터넷 정보매개 서비스업",
313760,KQ,캐리,"전동기, 발전기 및 전기 변환 · 공급 · 제어 장치 제조업",
071850,KQ,캐스텍코리아,자동차 신품 부품 제조업,
198080,KQ,캐프,전자부품 제조업,
210120,KQ,캔버스엔,"영화, 비디오물, 방송프로그램 제작 및 배급업",
050110,KQ,캠시스,전자부품 제조업,
452300,KQ,캡스톤파트너스,기타 금융업,
451760,KQ,컨텍,"컴퓨터 프로그래밍, 시스템 통합 및 관리업",
900310,KQ,컬러레이,기타 금융업,
078340,KQ,컴투스,소프트웨어 개발 및 공급업,
063080,KQ,컴투스홀딩스,소프트웨어 개발 및 공급업,
307930,KQ,컴퍼니케이,기타 금융업,
079190,KQ,케스피온,통신 및 방송 장비 제조업,
263700,KQ,케어랩스,광고업,
214370,KQ,케어젠,기초 의약물질 제조업,
221980,KQ,케이디켐,기타 화학제품 제조업,
038530,KQ,케이바이오랩스,생활용품 도매업,
279570,KS,케이뱅크,은행 및 저축기관,
001620,KS,케이비아이동국실업,자동차 신품 부품 제조업,
192250,KQ,케이사인,소프트웨어 개발 및 공급업,
431190,KQ,케이쓰리아이,소프트웨어 개발 및 공급업,
029460,KS,케이씨,"측정, 시험, 항해, 제어 및 기타 정밀기기 제조업; 광학기기 제외",
115500,KQ,케이씨에스,"컴퓨터 프로그래밍, 시스템 통합 및 관리업",
281820,KS,케이씨텍,"측정, 시험, 항해, 제어 및 기타 정밀기기 제조업; 광학기기 제외",
089150,KQ,케이씨티,"컴퓨터 프로그래밍, 시스템 통합 및 관리업",
025880,KQ,케이씨피드,동물용 사료 및 조제식품 제조업,
093320,KQ,케이아이엔엑스,"자료처리, 호스팅, 포털 및 기타 인터넷 정보매개 서비스업",
093640,KQ,케이알엠,반도체 제조업,
073010,KQ,케이에스피,일반 목적용 기계 제조업,
105330,KQ,케이엔더블유,자동차 신품 부품 제조업,
053080,KQ,케이엔솔,일반 목적용 기계 제조업,
199430,KQ,케이엔알시스템,"측정, 시험, 항해, 제어 및 기타 정밀기기 제조업; 광학기기 제외",
432470,KQ,케이엔에스,특수 목적용 기계 제조업,
272110,KQ,케이엔제이,반도체 제조업,
039420,KQ,케이엘넷,전기 통신업,
083550,KQ,케이엠,기타 섬유제품 제조업,
032500,KQ,케이엠더블유,통신 및 방송 장비 제조업,
225430,KQ,케이엠제약,기타 화학제품 제조업,
102370,KQ,케이옥션,상품 중개업,
068100,KQ,케이웨더,일반 목적용 기계 제조업,
106080,KQ,케이이엠텍,전자부품 제조업,
455180,KQ,케이지에이,특수 목적용 기계 제조업,
381970,KS,케이카,자동차 판매업,
145270,KS,케이탑리츠,부동산 임대 및 공급업,
036030,KQ,케이티알파,상품 중개업,
064820,KQ,케이프,선박 및 보트 건조업,
024880,KQ,케이피에프,기타 금속 가공제품 제조업,
042040,KQ,케이피엠테크,기타 전문 도매업,
054410,KQ,케이피티유,"섬유, 의복, 신발 및 가죽제품 소매업",
288180,KQ,케이피항공산업,"항공기,우주선 및 부품 제조업",
258610,KQ,케일럼,"구조용 금속제품, 탱크 및 증기발생기 제조업",
274090,KQ,켄코아에어로스페이스,"항공기,우주선 및 부품 제조업",
089010,KQ,켐트로닉스,기타 화학제품 제조업,
220260,KQ,켐트로스,기타 화학제품 제조업,
052400,KQ,코나아이,소프트웨어 개발 및 공급업,
402030,KQ,코난테크놀로지,소프트웨어 개발 및 공급업,
391710,KQ,코닉오토메이션,특수 목적용 기계 제조업,
047770,KQ,코데즈컴바인,봉제의복 제조업,
080530,KQ,코디,기타 화학제품 제조업,
417310,KS,코람코더원리츠,부동산 임대 및 공급업,
357120,KS,코람코라이프인프라리츠,부동산 임대 및 공급업,
104540,KQ,코렌텍,의료용 기기 제조업,
027050,KQ,코리아나,기타 화학제품 제조업,
007815,KS,코리아써우,,
007810,KS,코리아써키트,전자부품 제조업,
190650,KQ,코리아에셋투자증권,금융 지원 서비스업,
123410,KQ,코리아에프티,자동차 신품 부품 제조업,
003690,KS,코리안리,재 보험업,
049430,KQ,코메론,"측정, 시험, 항해, 제어 및 기타 정밀기기 제조업; 광학기기 제외",
183300,KQ,코미코,특수 목적용 기계 제조업,
041960,KQ,코미팜,의약품 제조업,
089890,KQ,코세스,특수 목적용 기계 제조업,
360350,KQ,코셈,"측정, 시험, 항해, 제어 및 기타 정밀기기 제조업; 광학기기 제외",
082660,KQ,코스나인,기타 화학제품 제조업,
043710,KQ,코스리거글로벌,기타 전문 도매업,
192820,KS,코스맥스,기타 화학제품 제조업,
044820,KS,코스맥스비티아이,기타 금융업,
222040,KQ,코스맥스엔비티,기타 식품 제조업,
241710,KQ,코스메카코리아,기타 화학제품 제조업,
439960,KQ,코스모로보틱스,의료용 기기 제조업,
005070,KS,코스모신소재,기타 화학제품 제조업,
005420,KS,코스모화학,기타 화학제품 제조업,
355150,KQ,코스텍시스,반도체 제조업,
071950,KS,코아스,가구 제조업,
166480,KQ,코아스템켐온,의약품 제조업,
045970,KQ,코아시아,전자부품 제조업,
196450,KQ,코아시아씨엠,사진장비 및 광학기기 제조업,
384470,KQ,코어라인소프트,소프트웨어 개발 및 공급업,
002020,KS,코오롱,기타 금융업,
003070,KS,코오롱글로벌,토목 건설업,
003075,KS,코오롱글로벌우,,
102940,KQ,코오롱생명과학,기초 의약물질 제조업,
002025,KS,코오롱우,,
120110,KS,코오롱인더,화학섬유 제조업,
120115,KS,코오롱인더우,,
950160,KQ,코오롱티슈진,기초 의약물질 제조업,
021240,KS,코웨이,그외 기타 개인 서비스업,
056360,KQ,코위버,통신 및 방송 장비 제조업,
282880,KQ,코윈테크,특수 목적용 기계 제조업,
121850,KQ,코이즈,플라스틱제품 제조업,
448710,KQ,코츠테크놀로지,컴퓨터 및 주변장치 제조업,
126730,KQ,코칩,전자부품 제조업,
015710,KQ,코콤,통신 및 방송 장비 제조업,
052330,KQ,코텍,영상 및 음향기기 제조업,
322780,KQ,코퍼스코리아,"영화, 비디오물, 방송프로그램 제작 및 배급업",
036420,KS,콘텐트리중앙,"영화, 비디오물, 방송프로그램 제작 및 배급업",
200130,KQ,콜마비앤에이치,기초 의약물질 제조업,
024720,KS,콜마홀딩스,기타 금융업,
294570,KQ,쿠콘,기타 정보 서비스업,
192400,KS,쿠쿠홀딩스,기타 금융업,
284740,KS,쿠쿠홈시스,개인 및 가정용품 임대업,
464490,KQ,쿼드메디슨,기초 의약물질 제조업,
317690,KQ,퀀타매트릭스,의료용 기기 제조업,
432720,KQ,퀄리타스반도체,반도체 제조업,
365270,KQ,큐라클,자연과학 및 공학 연구개발업,
348080,KQ,큐라티스,자연과학 및 공학 연구개발업,
060280,KQ,큐렉소,기타 상품 전문 소매업,
372320,KQ,큐로셀,자연과학 및 공학 연구개발업,
051780,KQ,큐로홀딩스,음·식료품 및 담배 소매업,
115180,KQ,큐리언트,자연과학 및 공학 연구개발업,
494120,KQ,큐리오시스,사진장비 및 광학기기 제조업,
445680,KQ,큐리옥스바이오시스템즈,의료용 기기 제조업,
182360,KQ,큐브엔터,오디오물 출판 및 원판 녹음업,
405100,KQ,큐알티,"그외 기타 전문, 과학 및 기술 서비스업",
066310,KQ,큐에스아이,반도체 제조업,
016600,KQ,큐캐피탈,기타 금융업,
355390,KQ,크라우드웍스,소프트웨어 개발 및 공급업,
264900,KS,크라운제과,"떡, 빵 및 과자류 제조업",
005740,KS,크라운해태홀딩스,기타 금융업,
005745,KS,크라운해태홀딩스우,,
259960,KS,크래프톤,소프트웨어 개발 및 공급업,
096240,KQ,크레버스,일반 교습 학원,
040350,KQ,크레오에스지,"컴퓨터 프로그래밍, 시스템 통합 및 관리업",
110790,KQ,크리스에프앤씨,봉제의복 제조업,
900250,KQ,크리스탈신소재,기타 금융업,
045520,KQ,크린앤사이언스,일반 목적용 기계 제조업,
214150,KQ,클래시스,의료용 기기 제조업,
466100,KQ,클로봇,소프트웨어 개발 및 공급업,
237880,KQ,클리오,기타 화학제품 제조업,
139670,KQ,키네마스터,소프트웨어 개발 및 공급업,
020120,KS,키다리스튜디오,"자료처리, 호스팅, 포털 및 기타 인터넷 정보매개 서비스업",
475430,KQ,키스트론,절연선 및 케이블 제조업,
487720,KQ,키움제10호스팩,금융 지원 서비스업,
489480,KQ,키움제11호스팩,금융 지원 서비스업,
039490,KS,키움증권,금융 지원 서비스업,
466690,KQ,키움히어로제1호스팩,금융 지원 서비스업,
054780,KQ,키이스트,"영화, 비디오물, 방송프로그램 제작 및 배급업",
256940,KQ,킵스파마,의약품 제조업,
219130,KQ,타이거일렉,전자부품 제조업,
336680,KQ,탑런토탈솔루션,전자부품 제조업,
360070,KQ,탑머티리얼,일차전지 및 이차전지 제조업,
065130,KQ,탑엔지니어링,특수 목적용 기계 제조업,
134580,KQ,탑코미디어,"자료처리, 호스팅, 포털 및 기타 인터넷 정보매개 서비스업",
014580,KS,태경비케이,"시멘트, 석회, 플라스터 및 그 제품 제조업",
015890,KS,태경산업,기초 화학물질 제조업,
006890,KS,태경케미컬,기초 화학물질 제조업,
023160,KQ,태광,1차 철강 제조업,
003240,KS,태광산업,화학섬유 제조업,
011280,KS,태림포장,"골판지, 종이 상자 및 종이용기 제조업",
323280,KQ,태성,특수 목적용 기계 제조업,
053620,KQ,태양,기타 금속 가공제품 제조업,
004100,KS,태양금속,자동차 신품 부품 제조업,
009410,KS,태영건설,토목 건설업,
044490,KQ,태웅,기타 금속 가공제품 제조업,
124560,KQ,태웅로직스,기타 운송관련 서비스업,
001420,KS,태원물산,자동차 신품 부품 제조업,
191420,KQ,테고사이언스,기초 의약물질 제조업,
950250,KQ,테라뷰,기타 금융업,
066700,KQ,테라젠이텍스,의약품 제조업,
095610,KQ,테스,특수 목적용 기계 제조업,
055490,KS,테이팩스,플라스틱제품 제조업,
064520,KQ,테크엘,반도체 제조업,
089030,KQ,테크윙,특수 목적용 기계 제조업,
054450,KQ,텔레칩스,반도체 제조업,
078000,KS,텔코웨어,"자료처리, 호스팅, 포털 및 기타 인터넷 정보매개 서비스업",
200230,KQ,텔콘RF제약,의약품 제조업,
214420,KS,토니모리,기타 화학제품 제조업,
393210,KQ,토마토시스템,소프트웨어 개발 및 공급업,
475960,KQ,토모큐브,사진장비 및 광학기기 제조업,
215480,KQ,토박스코리아,"섬유, 의복, 신발 및 가죽제품 소매업",
051360,KQ,토비스,영상 및 음향기기 제조업,
045340,KQ,토탈소프트,소프트웨어 개발 및 공급업,
108230,KQ,톱텍,특수 목적용 기계 제조업,
079970,KQ,투비소프트,소프트웨어 개발 및 공급업,
199800,KQ,툴젠,자연과학 및 공학 연구개발업,
417790,KQ,트루엔,영상 및 음향기기 제조업,
091810,KS,트리니티항공,항공 여객 운송업,
290090,KQ,트윔,소프트웨어 개발 및 공급업,
026150,KQ,특수건설,토목 건설업,
464280,KQ,티디에스팜,의약품 제조업,
117730,KQ,티로보틱스,특수 목적용 기계 제조업,
033830,KQ,티비씨,텔레비전 방송업,
057680,KQ,티사이언티픽,소프트웨어 개발 및 공급업,
204610,KQ,티쓰리,소프트웨어 개발 및 공급업,
125020,KQ,티씨머티리얼즈,절연선 및 케이블 제조업,
064760,KQ,티씨케이,기타 비금속 광물제품 제조업,
246710,KQ,티앤알바이오팹,기초 의약물질 제조업,
340570,KQ,티앤엘,의료용품 및 기타 의약 관련제품 제조업,
043220,KQ,티에스넥스젠,특수 목적용 기계 제조업,
277880,KQ,티에스아이,특수 목적용 기계 제조업,
131290,KQ,티에스이,"측정, 시험, 항해, 제어 및 기타 정밀기기 제조업; 광학기기 제외",
019180,KS,티에이치엔,기타 전기장비 제조업,
425420,KQ,티에프이,전자부품 제조업,
484810,KQ,티엑스알로보틱스,일반 목적용 기계 제조업,
131100,KQ,티엔엔터테인먼트,"영화, 비디오물, 방송프로그램 제작 및 배급업",
356860,KQ,티엘비,전자부품 제조업,
217590,KS,티엠씨,절연선 및 케이블 제조업,
363280,KS,티와이홀딩스,기타 금융업,
321550,KQ,티움바이오,자연과학 및 공학 연구개발업,
004870,KS,티웨이홀딩스,"시멘트, 석회, 플라스터 및 그 제품 제조업",
425040,KQ,티이엠씨,기초 화학물질 제조업,
241790,KQ,티이엠씨씨엔에스,특수 목적용 기계 제조업,
022220,KQ,티케이지애강,플라스틱제품 제조업,
104480,KQ,티케이케미칼,화학섬유 제조업,
081150,KQ,티플랙스,1차 비철금속 제조업,
130740,KQ,티피씨글로벌,자동차 신품 부품 제조업,
084730,KQ,팅크웨어,통신 및 방송 장비 제조업,
440110,KQ,파두,반도체 제조업,
034230,KS,파라다이스,유원지 및 기타 오락관련 서비스업,
290560,KQ,파라택시스이더리움,소프트웨어 개발 및 공급업,
288330,KQ,파라택시스코리아,"그외 기타 전문, 과학 및 기술 서비스업",
033540,KQ,파라텍,특수 목적용 기계 제조업,
388870,KQ,파로스아이바이오,자연과학 및 공학 연구개발업,
043200,KQ,파루,"전동기, 발전기 및 전기 변환 · 공급 · 제어 장치 제조업",
214450,KQ,파마리서치,의료용품 및 기타 의약 관련제품 제조업,
005690,KS,파미셀,전자부품 제조업,
177830,KQ,파버나인,전자부품 제조업,
037070,KQ,파세코,가정용 기기 제조업,
150900,KQ,파수AI,소프트웨어 개발 및 공급업,
037030,KQ,파워넷,"전동기, 발전기 및 전기 변환 · 공급 · 제어 장치 제조업",
047310,KQ,파워로직스,"전동기, 발전기 및 전기 변환 · 공급 · 제어 장치 제조업",
368770,KQ,파이버프로,"측정, 시험, 항해, 제어 및 기타 정밀기기 제조업; 광학기기 제외",
170790,KQ,파이오링크,통신 및 방송 장비 제조업,
900100,KQ,파이온엑스,자동차 부품 및 내장품 판매업,
049120,KQ,파인디앤씨,전자부품 제조업,
038950,KQ,파인디지털,통신 및 방송 장비 제조업,
387570,KQ,파인메딕스,의료용 기기 제조업,
441270,KQ,파인엠텍,전자부품 제조업,
106240,KQ,파인테크닉스,전구 및 조명장치 제조업,
131760,KQ,파인텍,특수 목적용 기계 제조업,
065690,KQ,파커스,고무제품 제조업,
140860,KQ,파크시스템스,"측정, 시험, 항해, 제어 및 기타 정밀기기 제조업; 광학기기 제외",
091700,KQ,파트론,전자부품 제조업,
032800,KQ,판타지오,창작 및 예술관련 서비스업,
318010,KQ,팜스빌,기타 식품 제조업,
036580,KS,팜스코,"곡물가공품, 전분 및 전분제품 제조업",
027710,KQ,팜스토리,동물용 사료 및 조제식품 제조업,
004720,KS,팜젠사이언스,의약품 제조업,
225590,KQ,패션플랫폼,봉제의복 제조업,
054300,KQ,팬스타엔터프라이즈,일반 목적용 기계 제조업,
068050,KQ,팬엔터테인먼트,"영화, 비디오물, 방송프로그램 제작 및 배급업",
028670,KS,팬오션,해상 운송업,
222110,KQ,팬젠,의약품 제조업,
271830,KQ,팸텍,특수 목적용 기계 제조업,
010820,KS,퍼스텍,무기 및 총포탄 제조업,
016800,KS,퍼시스,가구 제조업,
263750,KQ,펄어비스,소프트웨어 개발 및 공급업,
251970,KQ,펌텍코리아,플라스틱제품 제조업,
187660,KQ,페니트리움바이오,자연과학 및 공학 연구개발업,
001020,KS,페이퍼코리아,"펄프, 종이 및 판지 제조업",
168360,KQ,펨트론,특수 목적용 기계 제조업,
087010,KQ,펩트론,기초 의약물질 제조업,
090080,KS,평화산업,자동차 신품 부품 제조업,
010770,KS,평화홀딩스,자동차 신품 부품 제조업,
064800,KQ,포니링크,"섬유, 의복, 신발 및 가죽제품 소매업",
119500,KQ,포메탈,기타 금속 가공제품 제조업,
389140,KQ,포바이포,"영화, 비디오물, 방송프로그램 제작 및 배급업",
105760,KQ,포스뱅크,일반 목적용 기계 제조업,
022100,KS,포스코DX,"건축기술, 엔지니어링 및 관련 기술 서비스업",
058430,KS,포스코스틸리온,1차 철강 제조업,
009520,KQ,포스코엠텍,1차 철강 제조업,
047050,KS,포스코인터내셔널,상품 중개업,
003670,KS,포스코퓨처엠,일차전지 및 이차전지 제조업,
189690,KQ,포시에스,소프트웨어 개발 및 공급업,
318020,KQ,포인트모바일,컴퓨터 및 주변장치 제조업,
256630,KQ,포인트엔지니어링,기타 금속 가공제품 제조업,
331380,KQ,포커스에이아이,영상 및 음향기기 제조업,
208710,KQ,포톤,전자부품 제조업,
472850,KQ,폰드그룹,"섬유, 의복, 신발 및 가죽제품 소매업",
039980,KQ,폴라리스AI,"컴퓨터 프로그래밍, 시스템 통합 및 관리업",
041910,KQ,폴라리스AI파마,의약품 제조업,
234100,KQ,폴라리스세원,자동차 신품 부품 제조업,
041020,KQ,폴라리스오피스,소프트웨어 개발 및 공급업,
114630,KQ,폴라리스우노,화학섬유 제조업,
487580,KQ,폴레드,가정용 기기 제조업,
290720,KQ,푸드나무,무점포 소매업,
005670,KQ,푸드웰,"과실, 채소 가공 및 저장 처리업",
094940,KQ,푸른로보틱스,컴퓨터 및 주변장치 제조업,
007330,KQ,푸른저축은행,은행 및 저축기관,
017810,KS,풀무원,기타 식품 제조업,
093380,KQ,풍강,기타 금속 가공제품 제조업,
023900,KQ,풍국주정,알코올음료 제조업,
103140,KS,풍산,1차 비철금속 제조업,
005810,KS,풍산홀딩스,기타 금융업,
371950,KQ,풍원정밀,전자부품 제조업,
298060,KQ,풍전약품,의약품 제조업,
370090,KQ,퓨런티어,"측정, 시험, 항해, 제어 및 기타 정밀기기 제조업; 광학기기 제외",
445180,KQ,퓨릿,기초 화학물질 제조업,
220100,KQ,퓨쳐켐,의약품 제조업,
035200,KQ,프럼파스트,플라스틱제품 제조업,
334970,KQ,프레스티지바이오로직스,의약품 제조업,
950210,KS,프레스티지바이오파마,자연과학 및 공학 연구개발업,
321260,KQ,프로이천,반도체 제조업,
053610,KQ,프로텍,특수 목적용 기계 제조업,
468530,KQ,프로티나,자연과학 및 공학 연구개발업,
303360,KQ,프로티아,의료용 기기 제조업,
377220,KQ,프롬바이오,기타 식품 제조업,
335810,KQ,프리시젼바이오,의료용 기기 제조업,
053160,KQ,프리엠스,"전동기, 발전기 및 전기 변환 · 공급 · 제어 장치 제조업",
006490,KS,프리티,전기 통신업,
405000,KQ,플라즈맵,의료용 기기 제조업,
367000,KQ,플래티어,소프트웨어 개발 및 공급업,
075130,KQ,플랜티넷,"컴퓨터 프로그래밍, 시스템 통합 및 관리업",
009810,KS,플레이그램,기타 전문 도매업,
237820,KQ,플레이디,광고업,
023770,KQ,플레이위드,소프트웨어 개발 및 공급업,
019570,KQ,플루토스,신탁업 및 집합투자업,
300080,KQ,플리토,"자료처리, 호스팅, 포털 및 기타 인터넷 정보매개 서비스업",
033790,KQ,피노,일차전지 및 이차전지 제조업,
032580,KQ,피델릭스,반도체 제조업,
051380,KQ,피씨디렉트,기계장비 및 관련 물품 도매업,
241820,KQ,피씨엘,의료용품 및 기타 의약 관련제품 제조업,
452450,KQ,피아이이,특수 목적용 기계 제조업,
237750,KQ,피앤씨테크,"전동기, 발전기 및 전기 변환 · 공급 · 제어 장치 제조업",
460940,KQ,피앤에스로보틱스,의료용 기기 제조업,
319660,KQ,피에스케이,특수 목적용 기계 제조업,
031980,KQ,피에스케이홀딩스,특수 목적용 기계 제조업,
002230,KQ,피에스텍,"측정, 시험, 항해, 제어 및 기타 정밀기기 제조업; 광학기기 제외",
043370,KQ,피에이치에이,자동차 신품 부품 제조업,
239890,KQ,피엔에이치테크,기초 화학물질 제조업,
347740,KQ,피엔케이피부임상연구센타,"그외 기타 전문, 과학 및 기술 서비스업",
137400,KQ,피엔티,특수 목적용 기계 제조업,
257370,KQ,피엔티엠에스,특수 목적용 기계 제조업,
147760,KQ,피엠티,"측정, 시험, 항해, 제어 및 기타 정밀기기 제조업; 광학기기 제외",
128660,KQ,피제이메탈,1차 비철금속 제조업,
006140,KQ,피제이전자,의료용 기기 제조업,
376180,KQ,피코그램,그외 기타 제품 제조업,
304840,KQ,피플바이오,의료용품 및 기타 의약 관련제품 제조업,
087600,KQ,픽셀플러스,전자부품 제조업,
291810,KQ,핀텔,소프트웨어 개발 및 공급업,
378340,KQ,필에너지,특수 목적용 기계 제조업,
161580,KQ,필옵틱스,특수 목적용 기계 제조업,
347770,KQ,핌스,전자부품 제조업,
163730,KQ,핑거,소프트웨어 개발 및 공급업,
417180,KQ,핑거스토리,기타 정보 서비스업,
469880,KQ,하나30호스팩,금융 지원 서비스업,
469900,KQ,하나31호스팩,금융 지원 서비스업,
475240,KQ,하나32호스팩,금융 지원 서비스업,
475250,KQ,하나33호스팩,금융 지원 서비스업,
484130,KQ,하나34호스팩,금융 지원 서비스업,
086790,KS,하나금융지주,기타 금융업,
299030,KQ,하나기술,특수 목적용 기계 제조업,
067310,KQ,하나마이크론,반도체 제조업,
166090,KQ,하나머티리얼즈,반도체 제조업,
293480,KS,하나제약,의약품 제조업,
039130,KS,하나투어,여행사 및 기타 여행보조 서비스업,
136480,KQ,하림,"도축, 육류 가공 및 저장 처리업",
003380,KQ,하림지주,기타 금융업,
450330,KQ,하스,의료용품 및 기타 의약 관련제품 제조업,
101670,KQ,하이드로리튬,"구조용 금속제품, 탱크 및 증기발생기 제조업",
365590,KQ,하이딥,반도체 제조업,
149980,KQ,하이로닉,의료용 기기 제조업,
013030,KQ,하이록코리아,1차 철강 제조업,
352820,KS,하이브,오디오물 출판 및 원판 녹음업,
126700,KQ,하이비젼시스템,사진장비 및 광학기기 제조업,
071090,KS,하이스틸,1차 철강 제조업,
160190,KQ,하이젠알앤엠,"전동기, 발전기 및 전기 변환 · 공급 · 제어 장치 제조업",
221840,KQ,하이즈항공,"항공기,우주선 및 부품 제조업",
106190,KQ,하이텍팜,기초 의약물질 제조업,
000080,KS,하이트진로,알코올음료 제조업,
000087,KS,하이트진로2우B,,
000140,KS,하이트진로홀딩스,기타 금융업,
000145,KS,하이트진로홀딩스우,,
065650,KQ,하이퍼코퍼레이션,기계장비 및 관련 물품 도매업,
066130,KQ,하츠,가정용 기기 제조업,
004590,KQ,한국가구,기타 상품 전문 소매업,
036460,KS,한국가스공사,연료용 가스 제조 및 배관공급업,
039340,KQ,한국경제TV,텔레비전 방송업,
005430,KS,한국공항,기타 운송관련 서비스업,
071050,KS,한국금융지주,기타 금융업,
071055,KS,한국금융지주우,,
034950,KQ,한국기업평가,기타 사업지원 서비스업,
010040,KS,한국내화,"내화, 비내화 요업제품 제조업",
025540,KS,한국단자,"전동기, 발전기 및 전기 변환 · 공급 · 제어 장치 제조업",
222980,KQ,한국맥널티,기타 식품 제조업,
010100,KS,한국무브넥스,자동차 신품 부품 제조업,
256840,KQ,한국비엔씨,기초 의약물질 제조업,
219750,KQ,한국비티비,의료용 기기 제조업,
004090,KS,한국석유,기타 비금속 광물제품 제조업,
025550,KQ,한국선재,1차 철강 제조업,
002200,KS,한국수출포장,"골판지, 종이 상자 및 종이용기 제조업",
002960,KS,한국쉘석유,석유 정제품 제조업,
017890,KQ,한국알콜,기타 화학제품 제조업,
000240,KS,한국앤컴퍼니,기타 금융업,
080720,KQ,한국유니온제약,의약품 제조업,
123890,KS,한국자산신탁,신탁업 및 집합투자업,
015760,KS,한국전력,전기업,
041460,KQ,한국전자인증,소프트웨어 개발 및 공급업,
006200,KS,한국전자홀딩스,기타 금융업,
101680,KQ,한국정밀기계,특수 목적용 기계 제조업,
039740,KQ,한국정보공학,기타 전문 도매업,
053300,KQ,한국정보인증,소프트웨어 개발 및 공급업,
025770,KQ,한국정보통신,전기 통신업,
479880,KQ,한국제15호스팩,금융 지원 서비스업,
027970,KS,한국제지,"펄프, 종이 및 판지 제조업",
023350,KS,한국종합기술,"건축기술, 엔지니어링 및 관련 기술 서비스업",
025890,KS,한국주강,특수 목적용 기계 제조업,
000970,KS,한국주철관,1차 철강 제조업,
104700,KS,한국철강,1차 철강 제조업,
062970,KQ,한국첨단소재,통신 및 방송 장비 제조업,
017960,KS,한국카본,"구조용 금속제품, 탱크 및 증기발생기 제조업",
023760,KQ,한국캐피탈,기타 금융업,
054040,KQ,한국컴퓨터,전자부품 제조업,
161890,KS,한국콜마,기타 화학제품 제조업,
021650,KQ,한국큐빅,플라스틱제품 제조업,
161390,KS,한국타이어앤테크놀로지,고무제품 제조업,
034830,KS,한국토지신탁,신탁업 및 집합투자업,
007280,KS,한국특강,1차 철강 제조업,
032300,KQ,한국파마,의약품 제조업,
037230,KQ,한국팩키지,"골판지, 종이 상자 및 종이용기 제조업",
448900,KQ,한국피아이엠,자동차 신품 부품 제조업,
047810,KS,한국항공우주,"항공기,우주선 및 부품 제조업",
123690,KS,한국화장품,생활용품 도매업,
003350,KS,한국화장품제조,기타 화학제품 제조업,
030520,KQ,한글과컴퓨터,소프트웨어 개발 및 공급업,
052600,KQ,한네트,전기 통신업,
011500,KS,한농화성,기타 화학제품 제조업,
002390,KS,한독,의약품 제조업,
256150,KQ,한독크린텍,일반 목적용 기계 제조업,
092460,KQ,한라IMS,선박 및 보트 건조업,
125490,KQ,한라캐스트,자동차 신품 부품 제조업,
053690,KS,한미글로벌,"건축기술, 엔지니어링 및 관련 기술 서비스업",
042700,KS,한미반도체,특수 목적용 기계 제조업,
008930,KS,한미사이언스,기타 금융업,
128940,KS,한미약품,의약품 제조업,
452190,KQ,한빛레이저,특수 목적용 기계 제조업,
047080,KQ,한빛소프트,소프트웨어 개발 및 공급업,
009240,KS,한샘,생활용품 도매업,
452280,KQ,한선엔지니어링,기타 금속 가공제품 제조업,
020000,KS,한섬,봉제의복 제조업,
003680,KS,한성기업,수산물 가공 및 저장 처리업,
066980,KQ,한성크린텍,"건축기술, 엔지니어링 및 관련 기술 서비스업",
105630,KS,한세실업,봉제의복 제조업,
069640,KS,한세엠케이,"섬유, 의복, 신발 및 가죽제품 소매업",
016450,KS,한세예스24홀딩스,봉제의복 제조업,
009180,KS,한솔로지스틱스,기타 운송관련 서비스업,
114810,KQ,한솔아이원스,특수 목적용 기계 제조업,
213500,KS,한솔제지,"펄프, 종이 및 판지 제조업",
014680,KS,한솔케미칼,기초 화학물질 제조업,
004710,KS,한솔테크닉스,전자부품 제조업,
004150,KS,한솔홀딩스,기타 금융업,
025750,KS,한솔홈데코,제재 및 목재 가공업,
042520,KQ,한스바이오메드,의료용품 및 기타 의약 관련제품 제조업,
004960,KS,한신공영,건물 건설업,
011700,KS,한신기계,일반 목적용 기계 제조업,
430690,KQ,한싹,소프트웨어 개발 및 공급업,
078350,KQ,한양디지텍,반도체 제조업,
045100,KQ,한양이엔지,"건축기술, 엔지니어링 및 관련 기술 서비스업",
001750,KS,한양증권,금융 지원 서비스업,
018880,KS,한온시스템,일반 목적용 기계 제조업,
009420,KS,한올바이오파마,의약품 제조업,
320000,KQ,한울반도체,특수 목적용 기계 제조업,
091440,KQ,한울소재과학,통신 및 방송 장비 제조업,
276730,KQ,한울앤제주,알코올음료 제조업,
014130,KS,한익스프레스,도로 화물 운송업,
024740,KQ,한일단조,자동차 신품 부품 제조업,
005860,KQ,한일사료,동물용 사료 및 조제식품 제조업,
300720,KS,한일시멘트,"시멘트, 석회, 플라스터 및 그 제품 제조업",
002220,KS,한일철강,1차 철강 제조업,
003300,KS,한일홀딩스,"시멘트, 석회, 플라스터 및 그 제품 제조업",
007770,KQ,한일화학,기초 화학물질 제조업,
051600,KS,한전KPS,전기 및 통신 공사업,
052690,KS,한전기술,"건축기술, 엔지니어링 및 관련 기술 서비스업",
130660,KS,한전산업,"건축기술, 엔지니어링 및 관련 기술 서비스업",
198940,KQ,한주라이트메탈,1차 비철금속 제조업,
058450,KQ,한주에이알티,"영화, 비디오물, 방송프로그램 제작 및 배급업",
107640,KQ,한중엔시에스,"전동기, 발전기 및 전기 변환 · 공급 · 제어 장치 제조업",
002320,KS,한진,도로 화물 운송업,
003480,KS,한진중공업홀딩스,연료용 가스 제조 및 배관공급업,
180640,KS,한진칼,기타 금융업,
079170,KQ,한창산업,1차 비철금속 제조업,
009460,KS,한창제지,"펄프, 종이 및 판지 제조업",
372910,KS,한컴라이프케어,의료용 기기 제조업,
054920,KQ,한컴위드,소프트웨어 개발 및 공급업,
457370,KQ,한켐,기초 화학물질 제조업,
002680,KQ,한탑,"곡물가공품, 전분 및 전분제품 제조업",
098070,KQ,한텍,"구조용 금속제품, 탱크 및 증기발생기 제조업",
408470,KQ,한패스,기타 금융업,
000880,KS,한화,기타 화학제품 제조업,
452260,KS,한화갤러리아,종합 소매업,
451800,KS,한화리츠,부동산 임대 및 공급업,
489790,KS,한화비전,통신 및 방송 장비 제조업,
088350,KS,한화생명,보험업,
000370,KS,한화손해보험,보험업,
009830,KS,한화솔루션,기초 화학물질 제조업,
009835,KS,한화솔루션우,,
272210,KS,한화시스템,전자부품 제조업,
012450,KS,한화에어로스페이스,"항공기,우주선 및 부품 제조업",
082740,KS,한화엔진,일반 목적용 기계 제조업,
042660,KS,한화오션,선박 및 보트 건조업,
003530,KS,한화투자증권,금융 지원 서비스업,
003535,KS,한화투자증권우,,
498390,KQ,한화플러스제5호스팩,금융 지원 서비스업,
195870,KS,해성디에스,전자부품 제조업,
034810,KQ,해성산업,기타 금융업,
059270,KQ,해성에어로보틱스,기타 금속 가공제품 제조업,
076610,KQ,해성옵틱스,사진장비 및 광학기기 제조업,
101530,KS,해태제과식품,기타 식품 제조업,
220180,KQ,핸디소프트,소프트웨어 개발 및 공급업,
143210,KS,핸즈코퍼레이션,자동차 신품 부품 제조업,
900270,KQ,헝셩그룹,기타 금융업,
214180,KQ,헥토이노베이션,기타 정보 서비스업,
234340,KQ,헥토파이낸셜,금융 지원 서비스업,
084990,KQ,헬릭스미스,자연과학 및 공학 연구개발업,
000720,KS,현대건설,토목 건설업,
000725,KS,현대건설우,,
170030,KQ,현대공업,자동차 신품 부품 제조업,
453340,KS,현대그린푸드,종합 소매업,
086280,KS,현대글로비스,기타 운송관련 서비스업,
064350,KS,현대로템,그외 기타 운송장비 제조업,
079430,KS,현대리바트,가구 제조업,
012330,KS,현대모비스,자동차 신품 부품 제조업,
319400,KQ,현대무벡스,일반 목적용 기계 제조업,
048410,KQ,현대바이오,기타 화학제품 제조업,
052260,KQ,현대바이오랜드,기타 화학제품 제조업,
069960,KS,현대백화점,종합 소매업,
004560,KS,현대비앤지스틸,1차 철강 제조업,
004310,KS,현대약품,의약품 제조업,
041440,KQ,현대에버다임,특수 목적용 기계 제조업,
039010,KQ,현대에이치티,통신 및 방송 장비 제조업,
017800,KS,현대엘리베이터,일반 목적용 기계 제조업,
307950,KS,현대오토에버,소프트웨어 개발 및 공급업,
011210,KS,현대위아,자동차 신품 부품 제조업,
090850,KQ,현대이지웰,소프트웨어 개발 및 공급업,
004020,KS,현대제철,1차 철강 제조업,
005440,KS,현대지에프홀딩스,기타 금융업,
005380,KS,현대차,자동차용 엔진 및 자동차 제조업,
005387,KS,현대차2우B,,
005389,KS,현대차3우B,,
005385,KS,현대차우,,
001500,KS,현대차증권,금융 지원 서비스업,
011760,KS,현대코퍼레이션,상품 종합 도매업,
227840,KS,현대코퍼레이션홀딩스,음·식료품 및 담배 도매업,
126560,KS,현대퓨처넷,전기 통신업,
001450,KS,현대해상,보험업,
057050,KS,현대홈쇼핑,무점포 소매업,
460930,KQ,현대힘스,선박 및 보트 건조업,
092300,KQ,현우산업,전자부품 제조업,
011080,KQ,형지I&C,봉제의복 제조업,
308100,KQ,형지글로벌,"섬유, 의복, 신발 및 가죽제품 소매업",
093240,KS,형지엘리트,봉제의복 제조업,
003010,KS,혜인,기계장비 및 관련 물품 도매업,
111110,KS,호전실업,봉제의복 제조업,
008770,KS,호텔신라,기타 상품 전문 소매업,
008775,KS,호텔신라우,,
064240,KQ,홈캐스트,기타 전문 도매업,
039610,KQ,화성밸브,일반 목적용 기계 제조업,
378850,KS,화승알앤에이,자동차 신품 부품 제조업,
241590,KS,화승엔터프라이즈,신발 및 신발 부분품 제조업,
006060,KS,화승인더,상품 종합 도매업,
013520,KS,화승코퍼레이션,자동차 신품 부품 제조업,
010690,KS,화신,자동차 신품 부품 제조업,
126640,KQ,화신정공,자동차 신품 부품 제조업,
133820,KS,화인베스틸,1차 철강 제조업,
127980,KQ,화인써키트,전자부품 제조업,
061250,KQ,화일약품,의약품 제조업,
010660,KS,화천기계,특수 목적용 기계 제조업,
000850,KS,화천기공,특수 목적용 기계 제조업,
016580,KS,환인제약,의약품 제조업,
032560,KS,황금에스티,1차 비철금속 제조업,
004800,KS,효성,기타 금융업,
094280,KS,효성ITX,기타 사업지원 서비스업,
097870,KQ,효성오앤비,"비료, 농약 및 살균, 살충제 제조업",
298040,KS,효성중공업,"전동기, 발전기 및 전기 변환 · 공급 · 제어 장치 제조업",
298020,KS,효성티앤씨,화학섬유 제조업,
298000,KS,효성화학,기초 화학물질 제조업,
093370,KS,후성,기초 화학물질 제조업,
290270,KQ,휴네시온,소프트웨어 개발 및 공급업,
005870,KS,휴니드,통신 및 방송 장비 제조업,
353190,KQ,휴럼,기타 식품 제조업,
090710,KQ,휴림로봇,특수 목적용 기계 제조업,
078590,KQ,휴림에이텍,자동차 신품 부품 제조업,
205470,KQ,휴마시스,의료용품 및 기타 의약 관련제품 제조업,
115160,KQ,휴맥스,기계장비 및 관련 물품 도매업,
028080,KQ,휴맥스홀딩스,"컴퓨터 프로그래밍, 시스템 통합 및 관리업",
175140,KQ,휴먼테크놀로지,통신 및 방송 장비 제조업,
200670,KQ,휴메딕스,의약품 제조업,
079980,KS,휴비스,화학섬유 제조업,
065510,KQ,휴비츠,의료용 기기 제조업,
005010,KS,휴스틸,1차 철강 제조업,
263920,KQ,휴엠앤씨,그외 기타 제품 제조업,
243070,KQ,휴온스,의약품 제조업,
084110,KQ,휴온스글로벌,의약품 제조업,
145020,KQ,휴젤,기초 의약물질 제조업,
024060,KQ,흥구석유,기타 전문 도매업,
010240,KQ,흥국,특수 목적용 기계 제조업,
189980,KQ,흥국에프엔비,비알코올음료 및 얼음 제조업,
000540,KS,흥국화재,보험업,
003280,KS,흥아해운,해상 운송업,
037440,KQ,희림,"건축기술, 엔지니어링 및 관련 기술 서비스업",
238490,KQ,힘스,특수 목적용 기계 제조업,
